Team,MY_Ranking,Conference,Conference_Strength,CFP_Playoff_Ranking,AP_Ranking,Coaches_Ranking,FPI_Ranking,SP_Ranking,FPI_SP_Mean,Mean_Of_Polls_Algorithms,Median_Polls_Algorithms,Mean_Opponent_FPI,RANKING_Mean_Opp_FPI,Mean_FPI_Of_Defeats,RANKING_Mean_FPI_Of_Defeats,FCS_Teams_Played,RANKING_FCS_Teams_Played,Opp_FPI_With_FCS_Teams,RANKING_Opp_FPI_With_FCS_Teams,Mean_Total_MOV,RANKING_Mean_Total_MOV,Adj_Mean_MOV,RANKING_Adj_Mean_MOV,Mean_MOL,RANKING_Mean_MOL,Adj_Mean_MOL,RANKING_Adj_Mean_MOL,Total_Wins,RANKING_Total_Wins,Total_Losses,RANKING_Total_Losses,Win_Percent,RANKING_Win_Percent,Top25_Wins,RANKING_Top25_Wins,Top25_Losses,RANKING_Top25_Losses,Top25_Win_Percent,RANKING_Top25_Win_Percent,NonTop25_Wins,RANKING_NonTop25_Wins,NonTop25_Losses,RANKING_NonTop25_Losses,NonTop25_Win_Percent,RANKING_NonTop25_Win_Percent,Avg_Pts_Scored,RANKING_Avg_Pts_Scored,Avg_Offensive_Yds,RANKING_Avg_Offensive_Yds,Avg_Passing_Yds,RANKING_Avg_Passing_Yds,Avg_Rushing_Yds,RANKING_Avg_Rushing_Yds,Points_Per_Yard,RANKING_Points_Per_Yard,Avg_Pts_Allowed,RANKING_Avg_Pts_Allowed,Avg_Yds_Allowed,RANKING_Avg_Yds_Allowed,Avg_Passing_Yds_Allowed,RANKING_Avg_Passing_Yds_Allowed,Avg_Rushing_Yds_Allowed,RANKING_Avg_Rushing_Yds_Allowed,Turnovers_Generated,RANKING_Turnovers_Generated,Yd_Differential,RANKING_Yd_Differential,Third_Down_Percent,RANKING_Third_Down_Percent,FPI_Overall_Index,RANKING_FPI_Overall_Index,FPI_Offensive_Index,RANKING_FPI_Offensive_Index,FPI_Defensive_Index,RANKING_FPI_Defensive_Index,FPI_SpecialTeams_Index,RANKING_FPI_SpecialTeams_Index,SP_Offensive_Index,RANKING_SP_Offensive_Index,SP_Defensive_Index,RANKING_SP_Defensive_Index,SP_SpecialTeams_Index,RANKING_SP_SpecialTeams_Index,Conference_Champ,RANKING_Conference_Champ,VoA_Output,Same_Numbers_Test,TEST1_Avg Opp_Ranking_Including_FCS,Test1_Ranking,Test1_VoA_Rank_Difference,TEST2_Ranking_Without_APCoaches_Polls,Test2_Ranking,Test2_VoA_Rank_Difference,TEST3_FPI,Test3_Ranking,Test3_VoA_Rank_Difference,TEST4_SP,Test4_Ranking,Test4_VoA_Rank_Difference,TEST5_NoPolls,Test5_Ranking,Test5_VoA_Rank_Difference,TEST6_NoOutsideModelInfluence,Test6_Ranking,Test6_VoA_Rank_Difference,TEST6_TIEBREAKER_COLUMN,TEST7_ADJ_MOV_MOL,Test7_Ranking,Test7_VoA_Rank_Difference,Test_Output_Deviation,VoARanking_CFPRanking_Diff,VoA_FPI_RankDiff,VoA_SP_RankDiff,VoP_Projection,VoA_VoP_Diff
Ohio St,1,Big 10,2,3,3,3,1,1,1,2,2,44,19,2,2,0,0,58.43,38,33.2,1,0.568201266472702,1,6,9,12,2,13,3,1,2,0.928571428571429,3,5,3,1,2,0.833333333333333,2,8,6,0,1,1,1,46.9,3,529.9,4,263.2,36,266.8,5,0.0885072655217966,3,13.7,4,259.7,1,156,1,103.7,9,29,7,270.2,1,55.7,1,96.63,1,95.39,2,87.99,4,55.24,43,44.4,4,10.6,2,1.6,10,1,1,5.54347826086957,,5.24444444444444,1,0,5.65909090909091,1,0,5.875,1,0,3.89189189189189,1,0,5.72093023255814,1,0,4.36,1,0,-0.265206765272494,5.56818181818182,1,0,-0.354972647131399,-2,0,0,6,-5
LSU,2,SEC,1,1,1,1,3,2,2.5,1.75,1.5,37,4,0,1,1,5,47.8666666666667,10,26.5,4,0.553621169916434,2,0,1,0,1,15,1,0,1,1,1,7,1,0,1,1,1,8,6,0,1,1,1,48.4,1,568.4,1,401.6,2,166.9,58,0.0851513019000704,8,21.9,30,343.5,31,222.7,56,120.8,21,25,11,224.9,3,50,4,95.21,2,97.2,1,79.63,11,43.05,90,48.9,1,17.7,17,1.9,7,1,1,8.97282608695652,noooo,9.08333333333333,2,0,9.33522727272727,2,0,9.55625,2,0,7.79054054054054,3,1,9.52906976744186,2,0,10.04,3,1,0.08605809585208,9.26704545454545,2,0,0.25595482284183,1,-1,0,5,-3
Clemson,3,ACC,5,2,2,2,2,4,3,2.5,2,53.29,49,3,3,1,5,63.0706666666667,48,30.4,2,0.481999027545821,4,17,57,51,4,14,2,1,2,0.933333333333333,2,2,6,1,2,0.666666666666667,5,12,2,0,1,1,1,43.9,4,528.8,5,288.3,24,240.4,13,0.083018154311649,10,13.5,3,288.4,6,172.3,4,116.1,19,35,3,240.4,2,44.1,23,94.51,3,89.07,5,93.26,1,37.27,114,43.5,5,14.6,3,-0.7,31,1,1,10.8369565217391,noooo,9.98888888888889,3,0,11.2386363636364,3,0,11.1875,3,0,7.25675675675676,2,-1,11.453488372093,3,0,8.16,2,-1,-0.61190244546409,9.98863636363636,3,0,-0.940684129594613,1,1,-1,2,1
Alabama,4,SEC,1,13,8,8,4,3,3.5,6.58333333333333,6,47.42,33,6.5,7,1,5,59.1569230769231,40,28.7,3,0.485150317278685,3,4,4,26,3,11,5,2,3,0.846153846153846,5,1,7,2,3,0.333333333333333,9,10,4,0,1,1,1,47.3,2,510.7,6,342.2,3,168.5,54,0.0926179753279812,1,18.6,13,324.4,21,187.2,11,137.2,36,28,8,186.3,5,52.2,3,92.7,4,94.43,3,80.28,10,42.46,92,47.7,2,14.6,3,-0.7,31,4,40,11.6757246376812,noooo,11.2018518518519,4,0,11.842803030303,4,0,12.3395833333333,4,0,9.36711711711712,4,0,11.8158914728682,4,0,10.12,4,0,-0.362275276586496,12.0473484848485,4,0,-0.42792531049234,-9,0,1,3,1
Wisconsin,5,Big 10,2,8,11,13,8,11,9.5,10.0833333333333,10.25,44.29,24,18.25,17,0,0,44.29,6,17.1,12,0.386091668548205,5,11.5,27,209.875,20,10,6,4,5,0.714285714285714,8,3,5,3,4,0.5,7,7,7,1,2,0.875,7,34.1,21,433.2,38,200.1,91,233,15,0.0787165281625115,27,17,10,287.1,4,187.4,12,99.8,6,28,8,146.1,8,48.5,8,86.15,5,78.73,8,83.3,7,50.8,65,37.7,12,16.4,11,-0.9,33,2,20,14.213768115942,noooo,13.9962962962963,5,0,14.3143939393939,5,0,14.3833333333333,5,0,14.036036036036,5,0,14.4612403100775,5,0,14.32,5,0,0.0244918670854,13.9734848484848,5,0,-0.00165600685317143,-3,-3,-6,29,-24
Florida,6,SEC,1,9,6,7,8,7,7.5,7.41666666666667,7.25,34.64,3,4,4,2,10,60.08,43,17.8,10,0.296271637816245,12,14,47,56,5,11,5,2,3,0.846153846153846,5,2,6,2,3,0.5,7,9,5,0,1,1,1,33.2,25,430.6,44,300.8,16,129.8,102,0.0771017185322805,33,15.4,7,304.8,9,202.1,31,102.8,8,27,9,125.8,11,41.1,36,83.03,8,76.65,11,76.72,14,60.42,22,37.8,11,15.5,6,1.7,9,4,40,14.8297101449275,noooo,15.0925925925926,8,2,15.2083333333333,7,1,16.0166666666667,8,2,15.2612612612613,9,3,15.3527131782946,6,0,18.96,17,11,0.5566032615022,14.2083333333333,7,1,0.898847050141329,-3,-2,-1,7,-1
Oregon,7,Pac12,4,6,5,5,6,15,10.5,7.91666666666667,6,44.15,22,26.5,31,1,5,55.2821428571429,27,18.8,7,0.340073648168486,9,4.5,6,119.25,12,12,4,2,3,0.857142857142857,4,3,5,1,2,0.75,4,9,5,1,2,0.9,5,35.3,16,433.1,39,258.3,40,174.8,49,0.0815054259986146,16,16.5,9,329.1,22,220.2,51,108.9,13,30,6,104,15,41.6,32,82.24,11,69.6,20,82.71,8,52.86,54,35.6,22,15.5,6,-1.1,35,1,1,14.856884057971,noooo,14.6981481481481,6,-1,15.3049242424242,8,1,14.7729166666667,6,-1,14.0788288288288,6,-1,15.5213178294574,7,0,14.44,8,1,0.01834308513404,15.2367424242424,9,2,0.00781281913865714,1,1,-8,18,-11
Georgia,8,SEC,1,5,4,4,5,5,5,4.66666666666667,5,38,6,22,24,1,5,49.5714285714286,12,18.2,9,0.3671469740634,6,15,49,330,31,12,4,2,3,0.857142857142857,4,4,4,1,2,0.8,3,8,6,1,2,0.888888888888889,6,30.8,41,408,57,223,68,185.1,39,0.0754901960784314,41,12.6,1,275.7,3,201,30,74.7,1,16,20,132.3,10,41.1,36,85.77,6,69.36,23,88.87,2,53.89,50,34.2,29,10,1,2.6,1,2,20,15.0797101449275,noooo,15.2814814814815,7,-1,15.5833333333333,6,-2,16.2916666666667,7,-1,15.7747747747748,8,0,15.8294573643411,8,0,18.56,16,8,0.67243257919198,14.4469696969697,6,-2,0.887101757582086,3,3,3,1,7
Penn St,9,Big 10,2,10,9,9,7,6,6.5,7.91666666666667,8,45.92,29,9.5,10,1,5,57.7723076923077,35,19.7,6,0.340993821900298,8,8,18,76,10,11,5,2,3,0.846153846153846,5,3,5,2,3,0.6,6,8,6,0,1,1,1,35.7,15,412,54,221.3,72,190.6,36,0.0866504854368932,4,16,8,346.5,34,251.5,94,95,5,28,8,65.5,31,42.3,29,83.14,7,76.66,10,73.22,18,74.15,3,37.5,13,15.7,8,2.5,2,4,40,15.4873188405797,noooo,15.187037037037,9,0,15.782196969697,9,0,16.8729166666667,10,1,16.0788288288288,12,3,15.9166666666667,9,0,19.76,20,11,0.48021039319954,15.6458333333333,10,1,0.976035374024514,-1,2,3,11,-2
Oklahoma,10,Big 12,3,4,7,6,13,8,10.5,8.08333333333333,7.5,41.69,12,18.5,19,1,5,52.9978571428571,19,14.8,13,0.279256573715919,13,21,76,388.5,40,12,4,2,3,0.857142857142857,4,4,4,1,2,0.8,3,8,6,1,2,0.888888888888889,6,42.1,6,537.6,3,297.4,18,240.2,14,0.0783110119047619,29,27.3,51,356.4,38,222.3,55,134.1,32,15,21,181.2,6,49.8,5,82.32,10,89.09,4,60.36,44,48.64,75,46.1,3,24.9,39,1.7,9,1,1,16.5452898550725,noooo,16.6462962962963,10,0,17.0018939393939,10,0,17.2145833333333,9,-1,15.4211711711712,7,-3,17.3042635658915,10,0,16.28,9,-1,0.17235180614474,15.2746212121212,8,-2,-0.0963142096143,6,-3,2,9,1
Auburn,11,SEC,1,12,14,14,8,9,8.5,10.9166666666667,10.5,32.58,2,8.75,9,1,5,45.4584615384615,8,13.6,17,0.299174224989847,10,7,11,61.25,7,9,7,4,5,0.692307692307692,9,2,6,4,5,0.333333333333333,9,7,7,0,1,1,1,33.2,25,406.6,61,207.5,82,199.1,33,0.0816527299557304,14,19.6,16,337,28,213.8,45,123.2,25,26,10,69.6,29,40.2,42,81.94,12,58.63,41,88.37,3,56.22,36,33.9,31,14.9,4,2,6,4,40,17.1721014492754,noooo,17.5092592592593,13,2,17.3162878787879,11,0,18.2604166666667,12,1,18.1193693693694,16,5,17.4399224806202,11,0,21.32,22,11,0.5569496816653,17.3162878787879,13,2,1.01097619836623,-1,3,2,12,-1
Notre Dame,12,Independent,9,15,12,11,11,19,15,13.8333333333333,13.5,52.62,46,8.5,8,0,0,52.62,18,18.8,7,0.357278601292284,7,18.5,65,157.25,17,11,5,2,3,0.846153846153846,5,3,5,2,3,0.6,6,8,6,0,1,1,1,36.8,13,431.2,43,252.2,46,179,43,0.0853432282003711,6,18,12,320.3,18,168.6,3,151.7,56,35,3,110.9,14,39.9,45,80.85,13,66.37,26,84.26,5,50.79,66,35.8,20,18.5,19,0.4,21,4,40,18.1376811594203,noooo,17.5185185185185,11,-1,18.4393939393939,13,1,18.2833333333333,11,-1,16.9009009009009,13,1,18.5193798449612,13,1,17.96,14,2,-0.20537585199874,17.3257575757576,12,0,-0.288069143296671,-3,1,-7,10,2
Utah,13,Pac12,4,11,16,16,14,12,13,13.6666666666667,13.5,47.31,31,16.33,14,1,5,58.2164285714286,36,17.3,11,0.297166975448756,11,19,69,310.27,28,11,5,3,4,0.785714285714286,6,0,8,2,3,0,13,11,3,1,2,0.916666666666667,3,32.3,31,429,47,227.7,65,201.4,31,0.0752913752913753,42,15,6,269.2,2,187.4,12,81.8,3,27,9,159.8,7,46.1,15,82.67,9,72.79,15,84.16,6,40.92,98,36.5,16,17,13,-0.1,26,2,20,18.2210144927536,noooo,17.937037037037,12,-1,18.3219696969697,12,-1,18.8541666666667,13,0,16.545045045045,11,-2,18.4922480620155,12,-1,16.88,13,0,-0.19092119120682,17.2310606060606,11,-2,-0.469367762211529,2,-1,1,19,-6
Michigan,14,Big 10,2,14,18,19,12,10,11,14,13,44.08,20,5,6,0,0,44.08,5,11,22,0.249546279491833,14,19,69,95,11,9,7,4,5,0.692307692307692,9,2,6,4,5,0.333333333333333,9,7,7,0,1,1,1,31.7,37,401.6,65,250.8,47,150.7,74,0.0789342629482072,26,20.7,24,307.2,11,185.6,10,121.7,22,21,15,94.4,21,38.7,53,76.21,16,69.32,24,72.67,20,55.07,44,35.7,21,16,9,1,16,4,40,19.6739130434783,noooo,19.6666666666667,16,2,19.7272727272727,14,0,20.9,14,0,20.2972972972973,20,6,19.8604651162791,14,0,23.44,25,11,0.41642731802486,18.5,14,0,0.667758643309671,0,2,4,4,10
Minnesota,15,Big 10,2,18,10,10,18,13,15.5,14.0833333333333,14.25,55.25,52,11.5,13,1,5,66.3846153846154,55,11.6,21,0.174739281575898,23,12.5,35,143.75,14,11,5,2,3,0.846153846153846,5,2,6,2,3,0.5,7,9,5,0,1,1,1,34.1,21,432,41,253.3,45,178.7,44,0.0789351851851852,25,22.5,32,306.6,10,184.2,9,122.4,23,26,10,125.4,12,48.6,7,74.54,19,80.42,7,63.13,40,30.31,127,39.8,7,19.6,22,-0.7,31,4,40,20.4528985507246,noooo,19.7518518518519,14,-1,20.9280303030303,15,0,21.2583333333333,15,0,16.3603603603604,10,-5,20.9961240310078,15,0,16.64,11,-4,-0.59395857480786,20.1098484848485,15,0,-1.01796307009143,-3,-3,2,41,-26
Baylor,16,Big 12,3,7,13,12,17,18,17.5,14.0833333333333,15,49.38,37,10.33,12,1,5,60.1385714285714,44,13.9,15,0.231132859823741,16,7.33,13,75.7189,9,11,5,3,4,0.785714285714286,6,2,6,3,4,0.4,8,9,5,0,1,1,1,33.7,24,421.5,50,255.1,42,166.4,59,0.0799525504151839,23,19.8,18,358.8,39,217.3,47,141.5,46,33,4,62.7,32,41.5,33,76.06,17,61.86,32,81.53,9,42.44,93,34.7,26,17.3,15,0.5,20,2,20,20.7952898550725,noooo,20.4351851851852,18,2,21.1723484848485,17,1,21.4270833333333,17,1,18.5698198198198,17,1,21.5019379844961,17,1,20.4,21,5,-0.17401489353592,21.1041666666667,17,1,-0.136641073022557,9,-1,-2,45,-29
Memphis,17,American,6,17,17,17,24,17,20.5,18.75,17,63.69,65,46,72,1,5,73.4264285714286,64,13.9,15,0.189305135363872,22,8,18,368,37,12,4,2,3,0.857142857142857,4,3,5,1,2,0.75,4,9,5,1,2,0.9,5,40.3,8,485.1,10,298.4,17,186.7,38,0.0830756545042259,9,26.4,47,383.5,60,195.9,19,187.6,88,24,12,101.6,17,45.9,16,71.01,20,76.18,12,49.14,71,74.18,2,39.5,8,23.4,33,1.9,7,1,1,21.3315217391304,noooo,20.3611111111111,15,-2,21.5284090909091,16,-1,22.24375,16,-1,18.8310810810811,15,-2,21.6337209302326,16,-1,16.56,10,-7,-0.41190729646362,21.5511363636364,16,-1,-0.944491942420357,0,-7,0,52,-35
Iowa,18,Big 10,2,16,15,15,15,20,17.5,16.4166666666667,15.5,51.08,41,9.67,11,0,0,51.08,16,11.7,20,0.229052466718872,17,6,9,58.02,6,10,6,3,4,0.769230769230769,7,3,5,3,4,0.5,7,7,7,0,1,1,1,25.7,72,366.6,93,229,64,137.6,92,0.0701036552100382,70,14,5,308.3,12,195.7,18,112.6,14,22,14,58.3,36,40.9,38,75.65,18,54.8,51,78.66,12,73.39,4,30,45,15.2,5,1.8,8,4,40,21.856884057971,noooo,21.4314814814815,19,1,22.1685606060606,19,1,22.6979166666667,19,1,22.4031531531532,24,6,22.312015503876,19,1,25.56,27,9,0.3457414242766,22.1912878787879,18,0,0.823746697746986,2,3,-2,15,3
UCF,19,American,6,20.1,24,24,21,14,17.5,20.1,20.55,77.92,85,61,85,1,5,87.3107692307692,82,20.4,5,0.233648153369044,15,2.33,2,142.13,13,10,6,3,4,0.769230769230769,7,0,8,1,2,0,13,10,4,2,3,0.833333333333333,9,43.4,5,540.5,2,316.7,8,223.8,19,0.0802960222016651,22,23,35,346,32,199.4,25,146.6,50,26,10,194.5,4,40.3,41,77.18,14,73.45,14,74.63,15,41.16,97,37.3,14,18.1,18,-0.1,26,4,40,21.875,noooo,20.4722222222222,17,-2,21.7784090909091,18,-1,22.76875,18,-1,17.6959459459459,14,-5,21.8174418604651,18,-1,14.44,7,-12,-0.96844617609154,22.7102272727273,19,0,-1.63457194396149,-1.1,-2,5,22,-3
UW,20,Pac12,4,20.8,28,28,16,16,16,20.8,18.4,44.75,27,40,61,1,5,56.6923076923077,31,12.6,19,0.22225237449118,18,5.2,7,208,19,8,8,5,6,0.615384615384615,12,2,6,2,3,0.5,7,6,8,3,4,0.666666666666667,18,32,34,391.2,76,243.4,54,147.8,80,0.081799591002045,13,19.4,15,348.6,35,222.2,54,126.4,28,22,14,42.6,49,35.6,71,76.52,15,59.52,40,77.76,13,68.78,11,35.3,23,19.5,21,2.5,2,4,40,24.2391304347826,noooo,24.1777777777778,22,2,24.0681818181818,20,0,25.825,24,4,25.4594594594595,25,5,24.1441860465116,20,0,26.64,30,10,0.49579058560354,24.75,22,2,0.770098865493214,-0.8,4,4,13,7
App St,21,Sun Belt,8,20,19,18,29,27,28,23.5,23.5,87.8,109,87,119,1,5,95.8142857142857,108,18.8,7,0.196212911883107,19,3,3,261,23,13,3,1,2,0.928571428571429,3,0,8,0,1,0,13,13,1,1,2,0.928571428571429,2,38.8,9,433.2,38,201.7,88,231.5,16,0.0895660203139428,2,20,20,336.1,26,206.7,34,129.3,29,29,7,97.1,19,44.4,22,70.06,23,61.3,33,70.77,23,53.6,52,34.3,28,23.2,31,0.2,23,1,1,24.9565217391304,noooo,23.0888888888889,20,-1,25.25,22,1,25.075,21,0,19.8648648648649,18,-3,25.3720930232558,22,1,14.44,6,-15,-1.22635238372848,25.8636363636364,25,4,-2.24873843332383,1,-8,-6,61,-40
Air Force,22,MWC,7,27.6,22,23,37,25,31,27.6,26.3,73.75,76,34,44,1,5,83.4615384615385,78,14.1,14,0.168940092165899,25,10,22,340,35,11,5,2,3,0.846153846153846,5,0,8,2,3,0,13,11,3,0,1,1,1,34,22,421.8,49,123.2,119,298.5,2,0.0806069227121859,21,19.9,19,319.7,17,219.1,49,100.6,7,23,13,102.1,16,53.4,2,70.95,21,69.45,21,63.23,39,52.84,55,36.2,17,25.8,43,1.7,9,4,40,24.9673913043478,noooo,23.8333333333333,21,-1,25.0795454545455,21,-1,25.4125,20,-2,21.1756756756757,19,-3,25.0209302325581,21,-1,18.36,15,-7,-0.86299436512528,25.2840909090909,23,1,-1.51509478931873,-5.6,-15,-3,87,-65
Texas A&M,23,SEC,1,23,26,29,19,21,20,23,22,41.92,13,4.2,5,1,5,54.08,22,6.9,34,0.12758875739645,31,18,63,75.6,8,8,8,5,6,0.615384615384615,12,1,7,5,6,0.166666666666667,12,7,7,0,1,1,1,29.5,51,394.5,69,235.4,60,159.1,66,0.0747782002534854,47,22.6,33,340.3,29,209.6,39,130.7,30,16,20,54.2,40,40.1,43,69.13,24,61.13,35,68.05,28,58.1,28,34,30,19.4,20,0.5,20,3,40,25.5869565217391,noooo,25.8666666666667,26,3,25.5,23,0,26.625,25,2,26.6756756756757,31,8,25.5581395348837,23,0,29.16,39,16,0.45813985370612,24.5454545454545,20,-3,0.688891538643843,0,4,2,8,15
Navy,24,American,6,23,20,20,40,31,35.5,28.25,27,65.75,68,17.5,15,1,5,76.0769230769231,69,14.8,13,0.194539939332659,21,22,84,385,39,11,5,2,3,0.846153846153846,5,1,7,2,3,0.333333333333333,9,10,4,0,1,1,1,37.2,12,455.8,19,95.2,122,360.6,1,0.0816147433084686,15,22.4,31,314.2,16,208.3,36,105.8,10,26,10,141.6,9,46.2,14,70.22,22,77.39,9,56.89,54,38.68,109,36,18,25.5,42,-0.7,31,4,40,26.1467391304348,noooo,25.2166666666667,23,-1,26.4261363636364,24,0,25.98125,22,-2,21.3581081081081,21,-3,26.5058139534884,24,0,19,18,-6,-1.04914411205488,25.1306818181818,21,-3,-1.9155024289946,1,-16,-7,106,-82
Texas,25,Big 12,3,24,25,26,20,26,23,24,24.5,45.62,28,18.4,18,0,0,45.62,9,7.8,30,0.170977641385357,24,8,18,147.2,16,8,8,5,6,0.615384615384615,12,2,6,3,4,0.4,8,6,8,2,3,0.75,14,35.2,17,465.9,14,289.3,20,176.5,46,0.0755526937110968,40,27.4,52,431.5,94,292.5,121,138.9,42,18,18,34.4,55,48.6,7,69.01,25,72.74,16,57.59,50,49.27,73,38.7,10,28.5,52,1.8,8,4,40,26.25,noooo,26.2111111111111,27,2,26.2840909090909,26,1,27.1375,27,2,25.9594594594595,28,3,26.3372093023256,27,2,27.32,33,8,0.13587415639742,26.3522727272727,26,1,0.264520501322829,1,5,-1,17,8
ULL,26,Sun Belt,8,35.8,36,29,44,32,38,35.8,35.9,85.77,104,32.33,38,1,5,93.9292857142857,103,18.3,8,0.194827415761097,20,9,20,290.97,26,11,5,3,4,0.785714285714286,6,0,8,2,3,0,13,11,3,1,2,0.916666666666667,3,38,10,494.1,8,236.7,58,257.4,6,0.0769075086014977,36,19.7,17,371.8,47,197.7,20,174,79,21,15,122.3,13,47.6,9,61.93,36,70.26,19,45.24,76,58.52,26,36.7,15,28.3,51,1.1,15,2,20,26.9891304347826,noooo,25.2777777777778,25,-1,26.7386363636364,27,1,27.0625,26,0,21.2837837837838,22,-4,26.5279069767442,26,0,16.72,12,-14,-1.61100945439416,27.5795454545455,27,1,-2.53339466957007,-9.8,-18,-6,90,-64
Boise St,27,MWC,7,19,23,22,28,37,32.5,26.9166666666667,25.5,76.7,79,35,48,1,5,85.5071428571429,80,12.9,18,0.150864589424442,27,17,57,595,66,12,4,2,3,0.857142857142857,4,1,7,1,2,0.5,7,11,3,1,2,0.916666666666667,3,34.7,19,429,47,261.7,38,167.3,57,0.0808857808857809,20,21.8,29,346.3,33,233.6,71,112.7,15,22,14,82.7,22,47.2,10,67.72,27,60.78,37,67.11,30,54.09,47,32.9,34,25,40,0.2,23,1,1,27.1721014492754,noooo,26.0203703703704,24,-3,27.3844696969697,25,-2,26.9104166666667,23,-4,23.8490990990991,23,-4,27.5794573643411,25,-2,19.64,19,-8,-0.823338809786,26.7026515151515,24,-3,-1.73117791890419,8,-1,-10,32,-5
Iowa St,28,Big 12,3,23,23,23,22,24,23,23,23,43,15,19.33,20,1,5,55.0769230769231,26,6.3,37,0.114385474860335,33,7.5,16,144.975,15,7,9,6,7,0.538461538461538,14,1,7,5,6,0.166666666666667,12,6,8,1,2,0.857142857142857,8,32.2,32,444.3,27,311.3,11,133,97,0.0724735539050191,58,25.9,42,369.3,45,229.7,67,139.5,44,11,25,75,24,37.9,58,62.15,34,60.24,39,64.08,36,37.31,113,31.8,37,19.5,21,0.3,22,4,40,28.2391304347826,noooo,28.5333333333333,31,3,28.4772727272727,28,0,29.225,28,0,26.7027027027027,30,2,28.6046511627907,28,0,28.04,37,9,0.06946155043728,28.3181818181818,29,1,0.0324612429718571,5,6,4,38,-10
UNC,29,ACC,5,28.5,28.5,28.5,27,30,28.5,28.5,28.5,55.83,54,39,59,1,5,66.92,56,9.4,25,0.140466228332337,28,4.33,5,168.87,18,7,9,6,7,0.538461538461538,14,0,8,3,4,0,13,7,7,3,4,0.7,16,33.1,26,474,12,285.8,25,188.2,37,0.069831223628692,72,23.7,37,373.2,48,229.6,66,143.5,48,28,8,100.8,18,41.3,34,62.22,33,69.37,22,51.35,68,45.08,84,35.1,24,24.6,36,-0.3,27,3,40,28.9130434782609,noooo,28.3555555555556,29,0,28.9318181818182,29,0,29.4875,30,1,25.7432432432432,26,-3,28.9418604651163,29,0,23.52,26,-3,-0.62104798911424,29.5454545454545,32,3,-1.12369605094836,0.5,2,-1,63,-34
Cincinnati,30,American,6,21,21,21,29,34,31.5,26.25,25,68.43,70,16.33,14,0,0,68.43,58,9,26,0.131521262604121,30,19,69,310.27,29,11,5,3,4,0.785714285714286,6,1,7,3,4,0.25,10,10,4,0,1,1,1,29.6,50,390.3,77,182.3,101,208,25,0.0758390981296439,38,20.6,23,361.4,40,222.8,57,138.7,41,33,4,28.9,58,42.7,26,63.86,31,47.3,71,69.88,24,63.07,18,29.1,51,21.1,26,1.1,15,2,20,29.320652173913,noooo,28.4166666666667,28,-2,29.6988636363636,31,1,29.63125,29,-1,27.3040540540541,32,2,29.9011627906977,32,2,27.88,35,5,-0.33025274435658,28.4943181818182,28,-2,-0.5597499839701,9,1,-4,43,-13
Indiana,31,Big 10,2,29.5,29.5,29.5,36,23,29.5,29.5,29.5,57.67,57,17.6,16,1,5,68.6184615384615,59,7.4,32,0.107842697636877,35,16.6,55,292.16,27,8,8,5,6,0.615384615384615,12,0,8,3,4,0,13,8,6,2,3,0.8,11,31.8,36,432.8,40,302.4,15,130.4,101,0.0734750462107209,54,24.4,38,352.2,36,213.7,44,138.6,40,15,21,80.6,23,46.3,13,66.4,29,71.97,17,54.44,59,47.85,77,35.6,22,23.8,35,1,16,4,40,29.3695652173913,noooo,28.7555555555556,30,-1,29.3636363636364,30,-1,30.5875,32,1,26.6351351351351,29,-2,29.3604651162791,30,-1,26.56,29,-2,-0.42910678327006,28.7272727272727,30,-1,-0.799627374837171,1.5,-5,8,59,-28
USC,32,Pac12,4,22,30,30,23,22,22.5,24.9166666666667,22.75,42.54,14,20.6,21,0,0,42.54,3,3.1,48,0.0728725905030559,48,15.4,51,317.24,30,8,8,5,6,0.615384615384615,12,1,7,3,4,0.25,10,7,7,2,3,0.777777777777778,12,32.5,29,454,20,335.8,6,118.3,113,0.0715859030837004,64,29.4,61,408.5,75,246.1,90,162.4,69,18,18,45.5,47,45.8,17,68.79,26,76.1,13,56.93,53,39.55,104,39,9,26.7,47,0.8,18,4,40,30.5253623188406,noooo,30.8925925925926,34,2,30.5492424242424,33,1,32.0416666666667,34,2,30.8558558558559,35,3,30.7480620155039,34,2,32.68,55,23,0.4921215921317,29.6628787878788,31,-1,0.536108872979443,10,9,10,31,1
Kentucky,33,SEC,1,31.25,36,35,25,35,30,32.0416666666667,33.125,54.33,51,25.4,29,1,5,65.5353846153846,54,7.8,30,0.119019672285084,32,13,37,330.2,32,8,8,5,6,0.615384615384615,12,0,8,2,3,0,13,8,6,3,4,0.727272727272727,15,27.1,63,392.5,73,113.7,121,278.8,4,0.0690445859872611,73,19.3,14,322.2,20,167.9,2,154.3,59,29,7,70.3,28,38.9,52,63.17,32,53.99,55,65.93,33,55.84,40,30.1,44,22.2,28,1.2,14,3,40,30.5525362318841,noooo,30.0981481481481,32,-1,30.3276515151515,34,1,31.3354166666667,33,0,29.3085585585586,33,0,30.3062015503876,33,0,28.12,38,5,-0.2773409441016,30.4185606060606,33,0,-0.564745225459371,1.75,8,-2,26,7
TCU,34,Big 12,3,40,40,40,37,43,40,40,40,41.55,11,30.29,34,1,5,54.7541666666667,25,3.9,46,0.0712274560535727,50,7.86,17,238.0794,22,5,11,7,8,0.416666666666667,17,1,7,3,4,0.25,10,4,10,4,5,0.5,27,30.3,46,407.7,58,203.7,85,204,29,0.0743193524650478,50,26.4,47,336.9,27,199.7,26,137.3,37,23,13,70.8,27,47,11,60.48,42,43.53,81,73.12,19,54.09,46,28.8,52,22.9,29,0.8,18,3,40,30.7608695652174,noooo,31.2,35,1,30.3409090909091,32,-2,30.75,31,-3,30.027027027027,34,0,30.1162790697674,31,-3,26.52,28,-6,-0.2740265276767,30.7272727272727,34,0,-0.806371291649371,-6,-3,-9,44,-10
Oklahoma St,35,Big 12,3,25,30.9,38,25,36,30.5,30.9,30.7,44.75,27,25,28,1,5,56.6923076923077,31,5.6,40,0.0987788331071913,39,11,26,275,24,8,8,5,6,0.615384615384615,12,0,8,3,4,0,13,8,6,2,3,0.8,11,32.4,30,453.9,21,224.3,67,229.7,17,0.0713813615333774,65,26.8,49,412.3,79,253.9,96,158.5,64,18,18,41.6,50,38.7,53,67.35,28,64.29,28,63.58,37,52.36,61,35,25,26.2,45,-0.1,26,4,40,31.304347826087,noooo,31.4,36,1,31.1613636363636,35,0,31.8625,35,0,31.6081081081081,38,3,31.3046511627907,35,0,31.64,49,14,0.16297675536548,31.2272727272727,35,0,0.153351550275157,10,10,-1,28,7
Kansas St,36,Big 12,3,38,36,37,32,46,39,38,37.5,47.58,35,34.2,45,1,5,59.3046153846154,42,8.2,29,0.138269170903808,29,8.4,19,287.28,25,8,8,5,6,0.615384615384615,12,1,7,4,5,0.2,11,7,7,1,2,0.875,7,29.6,50,359,97,181,102,178,45,0.0824512534818942,12,21.4,26,368.4,44,203,32,165.4,73,18,18,-9.4,74,42.1,30,66.2,30,54.77,52,65.89,34,66.93,14,28.8,52,24.8,38,2,6,4,40,31.945652173913,noooo,31.8777777777778,38,2,31.7386363636364,36,0,32.1375,37,1,32.1216216216216,40,4,31.593023255814,36,0,30.44,41,5,-0.05194037014304,32.3068181818182,39,3,-0.200598288103286,-2,4,-10,66,-30
FAU,37,CUSA,10,37.8,27,27,50,40,45,37.8,38.9,82.23,97,35.33,49,1,5,90.6421428571429,94,13.7,16,0.151143823040371,26,21,76,741.93,75,11,5,3,4,0.785714285714286,6,0,8,2,3,0,13,11,3,1,2,0.916666666666667,3,36.4,14,448.6,23,282.6,29,166,60,0.0811413285777976,17,22.7,34,374.2,49,238.7,81,135.5,33,41,1,74.4,25,39.9,45,60.62,40,54.17,54,63.39,38,50.11,69,30.8,40,23.2,31,0,25,1,1,32.7717391304348,noooo,31.3444444444444,33,-4,33.0340909090909,37,0,32.9125,36,-1,27.3108108108108,27,-10,32.9232558139535,37,0,22.24,23,-14,-1.26671873477488,32.1704545454545,36,-1,-2.49523105561279,-0.8,-13,-3,81,-44
UVA,38,ACC,5,24,29,25,42,44,43,34.5,35.5,54,50,24.2,27,1,5,64.4285714285714,50,4.9,44,0.0760532150776054,45,16.6,55,401.72,43,9,7,5,6,0.642857142857143,11,0,8,3,4,0,13,9,5,2,3,0.818181818181818,10,32.1,33,388.9,78,267.8,33,121.2,111,0.0825404988428902,11,27.2,50,371.8,47,233.7,72,138.1,38,16,20,17.1,66,45.3,19,62.12,35,61.16,34,52.18,64,67.26,13,30.4,42,25.2,41,1.2,14,2,20,32.804347826087,noooo,32.4222222222222,37,-1,33.0681818181818,38,0,33,38,0,31.7027027027027,36,-2,33.2790697674419,38,0,30.76,43,5,-0.10991252397728,32.0454545454545,37,-1,-0.4789719609437,14,-4,-6,35,3
Washington State,39,Pac12,4,29.5,29.5,29.5,31,28,29.5,29.5,29.5,51.58,43,32.57,39,1,5,62.9969230769231,47,6.4,36,0.101592263358406,36,10.86,24,353.7102,36,6,10,7,8,0.461538461538462,16,0,8,3,4,0,13,6,8,4,5,0.6,22,37.8,11,505.2,7,437.1,1,68.1,123,0.0748218527315914,46,31.4,71,452.5,108,267,108,185.5,86,21,15,52.7,41,42.4,28,60.51,41,80.98,6,31.91,106,53.97,48,41.7,6,33.1,76,2.4,3,3,40,34.1521739130435,noooo,33.9555555555556,40,1,34.3636363636364,40,1,35.6125,41,2,32.8513513513514,41,2,34.4767441860465,40,1,33.76,59,20,0.09978357827448,34.3409090909091,40,1,0.0422113080277857,9.5,8,11,23,16
Tennessee,40,SEC,1,31.375,34,34,32,29,30.5,31.8125,31.6875,46.5,30,37.4,50,1,5,58.3076923076923,37,2.5,50,0.0428759894459103,54,18.6,66,695.64,71,8,8,5,6,0.615384615384615,12,0,8,3,4,0,13,8,6,2,3,0.8,11,24.2,76,365.5,94,221.4,71,144.1,83,0.0662106703146375,85,21.7,28,334.5,23,194,15,140.4,45,23,13,31,56,43.2,25,61.33,38,49.35,65,66.04,32,57.26,30,27.8,56,17.4,16,0.3,22,4,40,34.8342391304348,noooo,34.9416666666667,39,-1,34.8721590909091,39,-1,36.196875,40,0,35.3209459459459,43,3,34.953488372093,39,-1,33.84,60,20,0.42278788468814,33.78125,38,-2,0.00953016608158571,8.625,8,11,37,3
SMU,41,American,6,41.5,33,32,47,48,47.5,41.5,44.25,75.77,78,38.33,55,0,0,75.77,67,8.4,28,0.110861818661739,34,12.33,32,472.6089,51,10,6,3,4,0.769230769230769,7,0,8,2,3,0,13,10,4,1,2,0.909090909090909,4,41.8,7,489.9,9,309,13,180.8,41,0.0853235354153909,7,33.4,79,445,104,288.6,119,156.4,61,23,13,44.9,48,43.9,24,61.04,39,66.02,27,51.92,65,48.97,74,34.6,27,28.3,51,-1.9,41,4,40,35.3423913043478,noooo,34.3944444444444,41,0,35.4715909090909,41,0,35.13125,39,-2,31.7635135135135,37,-4,35.3313953488372,41,0,27.04,32,-9,-0.9239524611706,35.5852272727273,42,1,-1.81133109168876,-0.5,-6,-7,93,-52
Missouri,42,SEC,1,35.5,35.5,35.5,32,39,35.5,35.5,35.5,52.64,47,39.17,60,1,5,64.92,52,5.9,39,0.0908810844115835,40,13.83,45,541.7211,60,6,10,6,7,0.5,15,0,8,2,3,0,13,6,8,4,5,0.6,22,25.3,74,374.3,88,222.6,69,151.7,71,0.0675928399679402,79,19.4,15,312,14,179.3,6,132.8,31,17,19,62.3,33,36.5,67,59.75,44,48.05,70,69.87,25,46.29,82,24.5,67,17.1,14,0.4,21,3,40,35.9347826086957,noooo,35.6888888888889,42,0,35.9545454545455,42,0,36.8875,42,0,34.1756756756757,42,0,35.9651162790698,42,0,31.44,48,6,-0.20043734905972,35.6590909090909,41,-1,-0.824665864799871,6.5,10,3,16,26
Virginia Tech,43,ACC,5,42.5,42.5,42.5,47,38,42.5,42.5,42.5,57.36,56,42.2,67,2,10,79.3046153846154,73,6,38,0.0756576394816482,46,11.8,28,497.96,53,8,8,5,6,0.615384615384615,12,0,8,2,3,0,13,8,6,3,4,0.727272727272727,15,30.7,42,385.1,82,209,81,176.1,47,0.0797195533627629,24,24.7,39,363.3,42,224,59,139.3,43,24,12,21.8,65,38.3,55,58.9,47,52.26,58,58.74,46,59.88,24,29.9,46,23.3,32,1.4,12,4,40,36.6739130434783,noooo,36.2444444444444,43,0,36.4090909090909,43,0,37.7875,43,0,34.8243243243243,44,1,36.2674418604651,43,0,31.28,47,4,-0.36735273581336,36.8409090909091,43,0,-1.00909723930204,0.5,-4,5,46,-3
Tulane,44,American,6,48,48,48,55,41,48,48,48,65.42,67,38.17,54,1,5,75.7723076923077,68,6.7,35,0.0884228051652725,41,13.17,38,502.6989,55,7,9,6,7,0.538461538461538,14,0,8,4,5,0,13,7,7,2,3,0.777777777777778,12,33,27,449.3,22,206,84,243.2,11,0.0734475851324282,55,26.3,46,377,50,220.7,52,156.3,60,22,14,72.3,26,38.5,54,56.01,49,56.6,47,53.49,61,48.13,76,33.1,33,25.9,44,0.3,22,3,40,37.0434782608696,noooo,36.3777777777778,44,0,36.5454545454545,44,0,37.75,44,0,33.1621621621622,39,-5,36.2790697674419,44,0,27.88,34,-10,-1.02058541030232,37.0681818181818,45,1,-2.03452882215271,-4,-11,3,94,-50
Miami,45,ACC,5,39,39,39,45,33,39,39,39,61.92,62,63,89,1,5,72.5415384615385,63,5.4,42,0.0744401085850017,47,7.29,12,459.27,48,6,10,7,8,0.461538461538462,16,1,7,1,2,0.5,7,5,9,6,7,0.454545454545455,29,25.7,72,367.2,92,249.2,49,118.1,114,0.0699891067538126,71,20.3,22,309.9,13,195.2,17,114.6,17,22,14,57.3,37,26.6,94,54.65,54,39.83,88,68.43,26,44.33,86,26,61,15.6,7,-0.9,33,3,40,38.8478260869565,noooo,38.3333333333333,45,0,38.8409090909091,46,1,40.225,46,1,35.6486486486486,46,1,38.8372093023256,46,1,32.24,53,8,-0.47080601191318,39.3863636363636,46,1,-1.20333122815933,6,0,12,25,20
Michigan St,46,Big 10,2,38.5,38.5,38.5,35,42,38.5,38.5,38.5,50.38,39,22.83,26,0,0,50.38,15,-0.2,63,-0.00396982929734021,73,20.5,74,468.015,50,7,9,6,7,0.538461538461538,14,0,8,4,5,0,13,7,7,2,3,0.777777777777778,12,22.4,80,371.9,90,244.8,52,127.2,106,0.0602312449583221,111,22.6,33,321.6,19,207.9,35,113.8,16,24,12,50.3,43,36.4,68,59.07,46,47.01,74,71.28,21,39.28,106,24.4,68,16.1,10,-1.1,35,3,40,38.9782608695652,noooo,38.9777777777778,46,0,39,45,-1,39.9375,45,-1,38.2837837837838,50,4,39.0116279069767,45,-1,36.8,67,21,0.06387702414246,37.6363636363636,44,-2,-0.457253283150643,7.5,11,4,34,12
Arizona St,47,Pac12,4,41.6,32,44,43,45,44,41.6,43.5,47.33,32,45,70,1,5,59.0738461538462,39,2.4,51,0.0406271159956247,56,7.4,14,333,33,8,8,5,6,0.615384615384615,12,1,7,2,3,0.333333333333333,9,7,7,3,4,0.7,16,24.8,75,372.1,89,248.8,50,123.3,109,0.0666487503359312,84,22.4,31,393.3,66,268.2,109,125,26,29,7,-21.2,81,38.7,53,59.98,43,43.28,82,64.96,35,69.42,9,28,55,23.7,34,2,6,4,40,39.0152173913043,noooo,39.1711111111111,47,0,39.0613636363636,47,0,40.1675,47,0,39.5594594594595,54,7,39.0023255813953,47,0,38.48,71,24,0.3771345663616,39.3113636363636,48,1,0.235228812223286,5.4,4,2,33,14
San Diego St,48,MWC,7,47.5,31,31,61,56,58.5,47.5,51.75,90.25,115,91.67,120,1,5,98.6923076923077,116,8.5,27,0.0861262665627436,42,4.33,5,396.9311,41,10,6,3,4,0.769230769230769,7,0,8,0,1,0,13,10,4,3,4,0.769230769230769,13,21.2,86,343.2,104,202.6,87,140.6,89,0.0617715617715618,106,12.7,2,287.8,5,212.4,42,75.4,2,30,6,55.4,38,37.1,63,54.72,53,28.88,109,74.56,16,69.12,10,16.6,93,16.6,12,2,6,4,40,41.1141304347826,noooo,39.4722222222222,48,0,41.5738636363636,53,5,41.46875,49,1,36.3716216216216,48,0,41.4360465116279,54,6,30.68,42,-6,-1.04962963641554,42.2556818181818,55,7,-2.0772467476373,0.5,-13,-8,88,-40
Ole Miss,49,SEC,1,49.5,49.5,49.5,46,53,49.5,49.5,49.5,43.73,18,21.13,23,1,5,56.7525,32,0.1,60,0.00176203691467336,68,10.88,25,229.8944,21,4,12,8,9,0.333333333333333,19,0,8,4,5,0,13,4,10,4,5,0.5,27,26.6,67,445.3,26,194,96,251.3,9,0.0597350101055468,113,26.5,48,416.8,83,278.3,114,138.5,39,16,20,28.5,59,36.8,65,51.82,59,50.66,61,51.27,69,53.16,53,28.6,53,23.8,35,-1.9,41,3,40,41.4565217391304,noooo,41.9777777777778,54,5,41.0909090909091,51,2,41.8625,51,2,41.0405405405405,60,11,40.8953488372093,51,2,39.08,72,23,-0.08310648984306,41.4090909090909,53,4,-0.405640716912171,-0.5,3,-4,48,1
Miss St,50,SEC,1,45,45,45,39,51,45,45,45,37.42,5,22.43,25,1,5,49.9261538461538,14,-1.3,69,-0.0260384567977321,85,19,69,426.17,45,6,10,7,8,0.461538461538462,16,0,8,3,4,0,13,6,8,4,5,0.6,22,27.6,61,400,67,179.5,103,220.6,21,0.069,74,28.9,58,399.1,71,246.7,91,152.4,57,25,11,0.9,71,38.9,52,54.43,55,58.31,42,51.2,70,42.52,91,33.1,33,28.7,54,-0.9,33,3,40,41.8913043478261,noooo,42.7111111111111,53,3,41.75,49,-1,42.75,50,0,42.2972972972973,61,11,41.6744186046512,50,0,40.56,82,32,0.34526105478582,40.6590909090909,49,-1,-0.119601787518886,5,11,-1,14,36
Louisville,51,ACC,5,53.125,53.125,37,54,63,58.5,53.125,53.5625,47.5,34,26.8,32,1,5,59.2307692307692,41,-0.3,64,-0.00506493506493507,75,24.2,93,648.56,67,8,8,5,6,0.615384615384615,12,1,7,2,3,0.333333333333333,9,7,7,3,4,0.7,16,33.1,26,447.3,24,234.5,61,212.9,24,0.0739995528727923,52,33.4,79,440.1,99,234.2,73,205.9,107,19,17,7.2,70,43.9,24,61.5,37,71.97,18,44.83,77,52.6,58,34.6,27,33.6,79,-0.8,32,3,40,42.1182065217391,noooo,42.2986111111111,49,-2,41.984375,48,-3,41.8234375,48,-3,42.0253378378378,58,7,41.7252906976744,48,-3,37.2,69,18,-0.14679609241444,40.4644886363636,47,-4,-1.04370069559811,-2.125,-3,-12,80,-29
Nebraska,52,SEC,1,51,51,51,47,55,51,51,51,55.67,53,30.57,35,0,0,55.67,28,0.2,59,0.00359259924555416,66,14.43,48,441.1251,46,5,11,7,8,0.416666666666667,17,0,8,4,5,0,13,5,9,3,4,0.625,20,28,59,415.8,53,212.6,77,203.3,30,0.0673400673400673,82,27.8,53,388.8,63,200.8,29,188.1,89,21,15,27,61,41.2,35,51.59,61,48.73,67,59.38,45,34.98,120,32.2,36,27.4,49,-2.2,44,3,40,42.3260869565217,noooo,42.0888888888889,51,-1,41.9318181818182,52,0,42.775,53,1,39.8378378378378,53,1,41.7209302325581,53,1,35.52,62,10,-0.6551919283011,41.8181818181818,52,0,-1.51285024805244,1,5,-3,36,16
Wake Forest,53,ACC,5,55,55,55,53,57,55,55,55,58.92,59,41.4,65,1,5,69.7723076923077,61,2.8,49,0.0401305344858,57,17.2,59,712.08,73,8,8,5,6,0.615384615384615,12,0,8,1,2,0,13,8,6,4,5,0.666666666666667,18,31.9,35,464,15,288.4,23,175.7,48,0.06875,75,29.1,59,416.5,82,252.8,95,163.7,71,31,5,47.5,46,47,11,51.61,60,53.83,56,52.64,62,38.91,107,29.4,49,28.6,53,1.1,15,3,40,42.5652173913043,noooo,42.2,50,-3,42,50,-3,43.1,52,-1,38.9189189189189,51,-2,41.6976744186047,49,-4,31.84,51,-2,-0.98189872379958,42.0454545454545,51,-2,-2.30778197945029,-2,0,-4,65,-12
South Carolina,54,SEC,1,44,44,44,41,47,44,44,44,26.64,1,20.75,22,1,5,41.0866666666667,2,-3.7,80,-0.0900535453512899,100,17.88,61,371.01,38,4,12,8,9,0.333333333333333,19,1,7,4,5,0.2,11,3,11,4,5,0.428571428571429,31,22.4,80,371.9,90,222.3,70,149.7,78,0.0602312449583221,110,26.1,44,393.3,66,235.3,74,158,63,20,16,-21.4,82,31.7,85,58.21,48,37.8,92,73.84,17,52.47,59,23.4,72,20.8,25,2.2,4,3,40,43.195652173913,noooo,44.1333333333333,59,5,43.1590909090909,55,1,44.85,59,5,45.4594594594595,67,13,43.1395348837209,56,2,46.16,99,45,0.95263154320792,41.9545454545455,50,-4,0.9266284032513,10,13,7,21,33
BYU,55,Independent,9,58.5,58.5,58.5,57,60,58.5,58.5,58.5,63.5,64,61.83,86,1,5,74,65,3.1,48,0.0418918918918919,55,11.5,27,711.045,72,7,9,6,7,0.538461538461538,14,2,6,1,2,0.666666666666667,5,5,9,5,6,0.5,27,28.5,55,443.8,28,284.7,26,159.1,66,0.0642181162685895,97,25.4,41,393.6,67,226,61,167.5,75,23,13,50.2,44,42.4,28,54.76,52,49.81,64,57.83,49,50.57,67,28.6,53,26.2,45,-1.2,36,3,40,43.2826086956522,noooo,42.8222222222222,55,0,42.5909090909091,54,-1,43.2375,54,-1,40.6891891891892,55,0,42.2209302325581,52,-3,32.24,52,-3,-0.97045854867648,43.5454545454545,56,1,-2.23315079846176,-3.5,-2,-5,54,1
Pittsburgh,56,ACC,5,55,55,55,61,49,55,55,55,56.17,55,41.4,65,1,5,67.2338461538462,57,-1.2,68,-0.0178481534025903,81,12.4,34,513.36,56,8,8,5,6,0.615384615384615,12,1,7,2,3,0.333333333333333,9,7,7,3,4,0.7,16,21.2,86,380.5,83,261.7,38,118.8,112,0.0557161629434954,122,22.4,31,312.9,15,204.5,33,108.4,12,23,13,67.6,30,39.9,45,50.70,64,35.43,96,70.82,22,36.77,116,20.4,81,16,9,-0.3,27,3,40,43.7608695652174,noooo,43.5111111111111,56,0,43.25,56,0,44.675,56,0,40.0540540540541,52,-4,42.9767441860465,55,-1,33.56,58,2,-0.86748769497506,43.4318181818182,54,-2,-2.12390848907027,1,-5,7,58,-2
Texas Tech,57,Big 12,3,55,55,55,56,54,55,55,55,48,36,38.38,56,1,5,60.6666666666667,45,0.2,59,0.00329670329670329,67,12.38,33,475.1444,52,4,12,8,9,0.333333333333333,19,1,7,3,4,0.25,10,3,11,5,6,0.375,34,30.5,44,474.3,11,324.7,7,149.6,79,0.0643052920092768,95,30.3,65,480.3,124,307.8,122,172.5,77,20,16,-6,72,38.2,56,55.34,51,61.91,31,44.02,80,56.11,37,32.5,35,31.2,66,1.4,12,3,40,44.0869565217391,noooo,44.2666666666667,60,3,43.5909090909091,57,0,45.075,60,3,44.1621621621622,64,7,43.3255813953488,59,2,40.68,84,27,-0.00289265872174,44,58,1,-0.501196619583843,2,1,3,39,18
Ohio,58,MAC,11,63.5,63.5,63.5,77,50,63.5,63.5,63.5,91.42,117,76.83,111,1,5,99.7723076923077,119,7.8,30,0.0781780053043854,44,6.83,10,524.7489,59,7,9,6,7,0.538461538461538,14,0,8,0,1,0,13,7,7,6,7,0.538461538461538,26,34.3,20,442.2,29,220.4,73,221.8,20,0.0775667118950701,32,26.5,48,403.7,74,237.4,77,166.4,74,18,18,38.5,52,49,6,44.11,81,61.95,30,28.88,111,52.74,57,35.9,19,33.5,78,1.2,14,3,40,44.7608695652174,noooo,43.1555555555556,58,0,43.9090909090909,60,2,45.5875,63,5,37.6351351351351,49,-9,43.453488372093,60,2,28,36,-22,-2.01271557084248,45.8863636363636,64,6,-3.6712790497548,-5.5,-19,8,74,-16
Wyoming,59,MWC,7,65.5,65.5,65.5,65,66,65.5,65.5,65.5,84.33,101,57.8,79,1,5,93.2276923076923,100,7.7,31,0.0825934849334962,43,5.8,8,335.24,34,8,8,5,6,0.615384615384615,12,0,8,2,3,0,13,8,6,3,4,0.727272727272727,15,25.4,73,350.9,100,136.2,117,214.8,23,0.0723852949558279,59,17.7,11,363.8,43,256.7,99,107.1,11,22,14,-12.9,75,42.7,26,53.27,56,41.99,84,60.77,43,53.94,49,20.5,80,21.7,27,0.1,24,3,40,44.804347826087,noooo,43.5555555555556,61,2,43.8636363636364,62,3,44.7875,61,2,40.2837837837838,59,0,43.3604651162791,62,3,32.4,54,-5,-1.63415966223602,45.9545454545455,65,6,-2.77499264411551,-6.5,-6,-7,96,-37
LA Tech,60,CUSA,10,55.8,36,33,78,62,70,55.8,58.9,98,123,70,97,1,5,105.846153846154,124,10.6,23,0.100145348837209,38,19.33,71,1353.1,113,10,6,3,4,0.769230769230769,7,0,8,1,2,0,13,10,4,2,3,0.833333333333333,9,32.5,29,436.9,35,268.5,32,168.4,55,0.0743877317463951,49,21.9,30,377.7,52,240.5,84,137.2,36,36,2,59.2,35,41,37,47.51,67,42.83,83,56.38,55,40.32,102,25.3,64,25,40,0,25,3,40,44.8152173913043,noooo,43.0777777777778,52,-8,45.2840909090909,61,1,44.7625,55,-5,36.472972972973,45,-15,45.0395348837209,61,1,26.84,31,-29,-1.88784208259178,44.7159090909091,57,-3,-3.93053372923691,4.2,-18,-2,102,-42
Oregon St,61,Pac12,4,62.5,62.5,62.5,60,65,62.5,62.5,62.5,41.45,10,33,41,1,5,54.6625,24,-1.3,69,-0.0237823004802195,84,13.43,42,443.19,47,5,11,7,8,0.416666666666667,17,0,8,3,4,0,13,5,9,4,5,0.555555555555556,25,31.2,40,411.8,55,255.1,42,156.7,67,0.0757649344341914,39,32.5,76,445.7,105,276.2,111,169.5,76,17,19,-33.9,88,42.3,29,55.99,50,67.75,25,39.97,93,56.32,35,33.8,32,32.8,74,-1.7,40,3,40,44.8260869565217,noooo,45.6,62,1,44.0227272727273,58,-3,44.6125,57,-4,45.9054054054054,69,8,43.593023255814,58,-3,40.12,77,16,-0.07935576973236,44.3409090909091,59,-2,-0.798291952970871,-1.5,1,-4,91,-30
Florida St,62,ACC,5,54.5,54.5,54.5,51,58,54.5,54.5,54.5,51.58,44,31.71,36,1,5,62.9969230769231,47,0.1,60,0.00158737911497509,69,13,37,412.23,44,6,10,7,8,0.461538461538462,16,0,8,4,5,0,13,6,8,3,4,0.666666666666667,18,27.9,60,408.3,56,267.6,34,140.7,88,0.0683321087435709,77,27.8,53,424.2,87,276.7,113,147.5,51,23,13,-15.9,78,35.6,71,52.3,57,47.06,73,57.29,52,46.33,81,30.2,43,27.1,48,-1.3,37,3,40,45.3260869565217,noooo,45.3555555555556,63,1,44.9090909090909,63,1,45.9875,65,3,43.7972972972973,63,1,44.6860465116279,63,1,40.52,81,19,-0.37898890180736,45.1818181818182,60,-2,-0.977900034323143,7.5,11,4,56,6
Buffalo,63,MAC,11,74.5,74.5,74.5,78,71,74.5,74.5,74.5,93.67,121,76,107,1,5,101.849230769231,123,10.2,24,0.100148031781517,37,13.6,44,1033.6,91,8,8,5,6,0.615384615384615,12,0,8,1,2,0,13,8,6,4,5,0.666666666666667,18,31.5,39,388.5,79,138.1,116,250.5,10,0.0810810810810811,18,21.3,25,291.9,7,197.8,21,94.1,4,26,10,96.6,20,44.8,21,51.96,58,45.16,78,68.4,27,24.08,130,25,65,24.6,36,-2.4,45,3,40,45.3478260869565,noooo,43.6666666666667,57,-6,44.0227272727273,59,-4,44.5875,58,-5,37.4459459459459,47,-16,43.3139534883721,57,-6,22.44,24,-39,-2.7404674122141,45.8636363636364,62,-1,-5.15633612447816,-11.5,-15,-8,89,-26
Cal,64,Pac12,4,52,35,36,52,74,63,52,52,44.17,23,29.2,33,1,5,56.1569230769231,29,-0.7,66,-0.012465070407101,78,16,53,467.2,49,8,8,5,6,0.615384615384615,12,0,8,3,4,0,13,8,6,2,3,0.8,11,21.2,86,328.5,111,197,93,131.6,99,0.0645357686453577,94,21.9,30,390.5,64,264.1,106,126.3,27,19,17,-62,101,37.5,61,59.27,45,50.54,62,66.28,31,40.8,99,23.8,70,24.7,37,-1.7,40,4,40,46.5217391304348,noooo,47.0444444444444,66,2,47.0227272727273,66,2,46.3,64,0,46.8108108108108,73,9,46.906976744186,66,2,44.96,93,29,0.2952527239989,45.9318181818182,63,-1,-0.0964852084367,12,12,-10,50,14
Hawaii,65,MWC,7,63.25,63.25,37,75,69,72,63.25,66.125,70.14,73,38.8,58,1,5,78.7973333333333,72,2,53,0.0253815695962638,59,21.6,81,838.08,79,10,6,5,6,0.666666666666667,10,0,8,3,4,0,13,10,4,2,3,0.833333333333333,9,33.9,23,471,13,337,5,134,95,0.0719745222929936,62,31.9,73,431.4,93,228.5,63,202.8,106,20,16,39.6,51,47,11,45.13,77,60.45,38,34.02,104,42.41,94,34.7,26,35.8,88,-0.9,33,2,20,46.7364130434783,noooo,46.1527777777778,64,-1,46.5823863636364,64,-1,46.371875,62,-3,41.5641891891892,56,-9,46.1947674418605,64,-1,33.32,57,-8,-1.36321388898552,45.8153409090909,61,-4,-3.02193637468476,1.75,-10,-4,103,-38
WKU,66,CUSA,10,66,66,66,73,59,66,66,66,88,110,96.75,121,1,5,96.6153846153846,111,5.3,43,0.0548566878980892,52,9.5,21,919.125,81,9,7,4,5,0.692307692307692,9,0,8,0,1,0,13,9,5,4,5,0.692307692307692,17,25.4,73,387.8,80,259.3,39,128.4,104,0.0654976792160908,90,20.1,21,335.4,24,200,27,135.5,33,18,18,52.4,42,40.7,40,49.28,65,41.81,85,58.7,48,46.43,80,23.6,71,21.1,26,-0.7,31,3,40,47.5869565217391,noooo,46.2,65,-1,46.75,65,-1,48.15,66,0,41.6486486486486,57,-9,46.3023255813953,65,-1,30.8,45,-21,-1.77676167573032,48.2954545454545,67,1,-3.56603812523933,0,-7,7,114,-48
Illinois,67,Big 10,2,63,63,63,65,61,63,63,63,61.08,61,45,70,0,0,61.08,46,0.6,56,0.00982318271119843,62,12.86,36,578.7,65,6,10,7,8,0.461538461538462,16,1,7,3,4,0.25,10,5,9,4,5,0.555555555555556,25,26.7,66,329.4,109,185.3,99,144.1,83,0.0810564663023679,19,26.1,44,408.5,75,212.9,43,198.8,101,30,6,-79.1,111,35,73,46.43,72,33.54,101,54.61,58,65.55,16,24.4,68,25.8,43,2,6,3,40,48.4565217391304,noooo,48.1777777777778,67,0,47.7954545454545,67,0,49.65,67,0,47.1621621621622,75,8,47.4418604651163,67,0,42.2,88,21,-0.41107074902824,48.5681818181818,68,1,-1.17145934360289,4,2,6,77,-10
Army,68,Independent,9,78,78,78,84,72,78,78,78,81.18,92,65.13,90,2,10,99.46,118,5.5,41,0.0552986125075407,51,10.25,23,667.5825,68,5,11,8,9,0.384615384615385,18,0,8,3,4,0,13,5,9,5,6,0.5,27,28.5,55,379.2,85,82,123,297.2,3,0.0751582278481013,44,23,35,342.3,30,178.9,5,163.4,70,19,17,36.9,54,45,20,35.66,98,38.33,91,39.43,94,47.66,78,28.6,53,30.4,64,-0.4,28,3,40,50.3913043478261,noooo,49.4666666666667,68,0,49.1363636363636,69,1,50.35,68,0,42.5945945945946,62,-6,48.4651162790698,68,0,30.4,40,-28,-2.38875611248716,51.2272727272727,74,6,-4.44273093297361,-10,-16,-4,75,-7
Duke,69,ACC,5,66,66,66,64,68,66,66,66,52.82,48,40.86,63,1,5,65.085,53,-3.8,81,-0.0583851885995237,97,23.57,90,963.0702,84,5,11,7,8,0.416666666666667,17,0,8,3,4,0,13,5,9,4,5,0.555555555555556,25,25.4,73,329.7,108,179.3,104,150.3,76,0.0770397330906885,34,29.2,60,379.6,57,199,23,180.6,83,19,17,-49.9,97,32.8,83,51.56,62,28.07,111,67.23,29,70.92,7,19.7,83,23,30,1.5,11,3,40,50.9130434782609,noooo,50.9777777777778,69,0,50.2272727272727,68,-1,51.975,69,0,51.2702702702703,80,11,49.8604651162791,69,0,45.24,95,26,-0.05088629994092,49.3409090909091,66,-3,-1.0713727664739,3,5,1,51,18
Temple,70,American,6,68.5,68.5,68.5,85,52,68.5,68.5,68.5,68.33,69,41.2,64,1,5,78.4584615384615,71,0.4,58,0.0050982391466332,65,25.2,96,1038.24,92,8,8,5,6,0.615384615384615,12,1,7,2,3,0.333333333333333,9,7,7,3,4,0.7,16,26.3,70,392,74,254.7,43,137.3,93,0.0670918367346939,83,25.9,42,377.8,53,218.9,48,158.9,65,20,16,14.2,67,37.8,59,45.78,74,34.94,98,61.87,42,38.27,110,24.6,66,20.8,25,-0.6,30,4,40,50.9565217391304,noooo,50.5555555555556,70,0,50.1590909090909,70,0,52.4125,74,4,46.5,68,-2,49.7325581395349,70,0,39.36,75,5,-1.08458081829412,49.7727272727273,69,-1,-2.60046004242916,1.5,-15,18,72,-2
WMU,71,MAC,11,78.5,78.5,78.5,67,90,78.5,78.5,78.5,90.67,116,81.83,115,1,5,99.08,117,7.1,33,0.0716592652402099,49,12.17,30,995.8711,88,7,9,6,7,0.538461538461538,14,0,8,0,1,0,13,7,7,6,7,0.538461538461538,26,33.1,26,445.7,25,240.6,56,205.1,28,0.0742652008077182,51,26,43,419.7,84,238.1,79,181.6,84,23,13,26,62,45.3,19,45.84,73,57.19,45,41.82,85,33.2,122,29.6,47,32.5,72,-2,42,3,40,51.7391304347826,noooo,50.3111111111111,71,0,50.5227272727273,74,3,50.9875,70,-1,45.0135135135135,65,-6,49.8720930232558,72,1,30.8,44,-27,-2.39774145066106,52.6590909090909,81,10,-4.5725538876828,-7.5,4,-19,101,-30
Marshall,72,CUSA,10,76.5,76.5,76.5,83,70,76.5,76.5,76.5,77.17,81,60.4,83,1,5,86.6184615384615,81,0.7,55,0.00808141806685376,63,18,63,1087.2,95,8,8,5,6,0.615384615384615,12,0,8,3,4,0,13,8,6,2,3,0.8,11,25.7,72,393.8,71,200.4,90,193.4,35,0.0652615540883697,91,25,40,379.6,56,231.6,69,148,53,24,12,14.2,67,37.9,58,42.06,87,34.09,100,49.07,72,61.81,20,23.8,70,26.6,46,0.8,18,3,40,51.8695652173913,noooo,51.2222222222222,72,0,50.75,71,-1,52.3875,73,1,47.9864864864865,74,2,50.1511627906977,71,-1,37.92,70,-2,-1.37009091751002,51.5454545454545,72,0,-3.01773292526831,-4.5,-11,2,83,-11
Purdue,73,Big 10,2,63.5,63.5,63.5,63,64,63.5,63.5,63.5,51.25,42,38.5,57,0,0,51.25,17,-4.8,83,-0.0936585365853659,102,13.38,41,515.13,57,4,12,8,9,0.333333333333333,19,0,8,4,5,0,13,4,10,4,5,0.5,27,25.8,71,393.2,72,309.9,12,83.3,120,0.0656154628687691,88,30.6,67,436.3,97,243.8,88,192.5,93,20,16,-43.1,94,40.1,43,43.07,85,51.6,59,40.86,92,39.62,103,30.8,40,31,65,-0.4,28,3,40,51.9565217391304,noooo,52.1777777777778,76,3,51.4318181818182,75,2,53.1875,78,5,50.3648648648649,79,6,51.1511627906977,76,3,45.32,96,23,-0.29389701609868,51.5,71,-2,-1.22321836553631,9.5,10,9,40,33
Tulsa,74,American,6,77.5,77.5,77.5,82,73,77.5,77.5,77.5,54,50,42.63,68,0,0,54,21,-4.9,84,-0.0907407407407407,101,13.5,43,575.505,64,4,12,8,9,0.333333333333333,19,1,7,4,5,0.2,11,3,11,4,5,0.428571428571429,31,26.4,69,419.7,51,281.3,30,138.3,90,0.0629020729092209,101,31.3,70,394.8,68,209.7,40,185.1,85,13,23,24.9,63,42.5,27,45.44,76,40.49,86,58.72,47,34.89,121,24.6,66,25.2,41,-2,42,3,40,52.2391304347826,noooo,52.2888888888889,75,1,51.0909090909091,73,-1,52.4375,72,-2,49.6351351351351,77,3,50.4767441860465,73,-1,39.76,76,2,-1.05329497458668,51.7272727272727,73,-1,-2.60820900217513,-3.5,-8,1,105,-31
UCLA,75,Pac12,4,68.5,68.5,68.5,58,79,68.5,68.5,68.5,44.58,26,41.88,66,0,0,44.58,7,-8.1,91,-0.181695827725437,118,18.25,64,764.31,77,4,12,8,9,0.333333333333333,19,0,8,4,5,0,13,4,10,4,5,0.5,27,26.7,66,405.7,62,255.5,41,150.2,77,0.0658121764850875,86,34.8,85,456.3,110,310.8,123,145.5,49,13,23,-50.6,98,41.6,32,45.61,75,48.21,69,41.57,88,59.6,25,28.4,54,32.5,72,0.2,23,3,40,52.3260869565217,noooo,52.9111111111111,74,-1,51.5909090909091,72,-3,52.6625,71,-4,53.6891891891892,88,13,51.1976744186047,74,-1,46.2,100,25,0.08418980544112,51.1818181818182,70,-5,-0.9784866720028,6.5,17,-4,64,11
Houston,76,American,6,79,79,79,76,82,79,79,79,52.36,45,32.63,40,1,5,64.6633333333333,51,-3.3,78,-0.051033558430847,93,12.25,31,399.7175,42,4,12,8,9,0.333333333333333,19,0,8,5,6,0,13,4,10,3,4,0.571428571428571,24,30.7,42,391.5,75,203.3,86,188.2,37,0.0784163473818646,28,34,82,467.5,115,288.4,118,179.1,81,14,22,-76,108,34.8,75,47.36,68,47.16,72,41.23,89,69.53,8,29.6,47,35.4,87,1.5,11,3,40,52.5869565217391,noooo,52.7555555555556,81,5,51.3863636363636,77,1,52.675,79,3,52.027027027027,87,11,50.7441860465116,77,1,45.12,94,18,-0.66933006864754,52.5,80,4,-1.55722334095941,-3,0,-6,71,5
Ball St,77,MAC,11,87,87,87,88,86,87,87,87,83.91,100,73.29,104,1,5,93.5841666666667,101,3.4,47,0.0363309320486906,58,7.43,15,544.5447,61,5,11,7,8,0.416666666666667,17,0,8,0,1,0,13,5,9,7,8,0.416666666666667,32,34.8,18,463,16,243.6,53,219.4,22,0.0751619870410367,43,31.4,71,424.7,88,245.1,89,179.6,82,26,10,38.3,53,41,37,41.06,89,48.26,68,43.34,82,31.86,125,29.5,48,32.6,73,-1.4,38,3,40,53.2608695652174,noooo,52.2222222222222,78,1,51.7272727272727,82,5,52.675,80,3,45.9189189189189,72,-5,50.906976744186,81,4,31.84,50,-27,-2.57079144269744,54.2727272727273,89,12,-4.75185272445639,-10,-11,-9,111,-34
Stanford,78,Pac12,4,73,73,73,58,88,73,73,73,40.92,8,33.5,43,0,0,40.92,1,-8.1,91,-0.197947214076246,120,16.38,54,548.73,62,4,12,8,9,0.333333333333333,19,0,8,4,5,0,13,4,10,4,5,0.5,27,21.7,83,367.9,91,262.4,37,105.5,117,0.0589834194074477,116,29.8,62,430.3,90,279.5,115,150.8,55,14,22,-62.4,102,39.2,50,46.47,71,51.42,60,41.19,90,55.85,39,27.2,57,32.2,70,0.3,22,3,40,53.5652173913043,noooo,54.5777777777778,85,7,52.6818181818182,79,1,53.75,77,-1,55.6756756756757,96,18,52.2093023255814,82,4,49.32,109,31,0.21369740086632,52.7045454545455,75,-3,-0.576771760533071,5,20,-10,24,54
Northwestern,79,Big 10,2,82,82,82,73,91,82,82,82,49.92,38,32.11,37,0,0,49.92,13,-7.3,89,-0.146233974358974,110,17.89,62,574.4479,63,3,13,9,10,0.25,20,0,8,4,5,0,13,3,11,5,6,0.375,34,16.3,97,297.1,116,117,120,180.1,42,0.0548636822618647,126,23.6,36,335.7,25,198.8,22,136.9,35,16,20,-38.6,91,35.8,70,40.55,90,23.62,117,62.13,41,56.49,34,16.5,94,20,23,-2,42,3,40,53.7173913043478,noooo,54.0666666666667,84,5,52.4318181818182,78,-1,53.425,76,-3,53.5405405405405,89,10,51.7441860465116,78,-1,44.44,91,12,-0.6757490172404,52.7272727272727,77,-2,-1.94946499537499,-3,6,-12,53,26
CMU,80,MAC,11,88.5,88.5,88.5,93,84,88.5,88.5,88.5,88.1,111,60.67,84,1,5,96.0928571428571,110,2.1,52,0.0218538615922099,60,24.5,95,1486.415,117,8,8,6,7,0.571428571428571,13,0,8,1,2,0,13,8,6,5,6,0.615384615384615,21,30.4,45,433.6,37,252.2,46,181.4,40,0.0701107011070111,69,28.3,56,362.8,41,240,83,122.8,24,23,13,70.8,27,40.3,41,43.3,83,46.72,75,45.82,75,39.31,105,26,61,29,56,-1.4,38,2,20,53.7391304347826,noooo,52.4666666666667,73,-7,52.1590909090909,76,-4,53.3375,75,-5,46.5,66,-14,51.3139534883721,75,-5,31.12,46,-34,-2.58368822195666,52.8409090909091,78,-2,-5.20511326977706,-8.5,-13,-4,120,-40
Utah St,81,MWC,7,80.5,80.5,80.5,78,83,80.5,80.5,80.5,69.83,72,46.67,73,1,5,79.8430769230769,74,-1.4,70,-0.0175343943889938,80,22.67,86,1058.0089,93,7,9,6,7,0.538461538461538,14,0,8,3,4,0,13,7,7,3,4,0.7,16,29.3,52,431.3,42,279.1,31,152.3,70,0.0679341525620218,78,30.7,68,440.5,100,238.6,80,202,105,29,7,-9.2,73,42.7,26,47.23,69,40.03,87,54.39,60,52.38,60,26.2,59,31,65,0.5,20,3,40,53.8695652173913,noooo,53.4666666666667,79,-2,52.6590909090909,80,-1,54.0875,81,0,51.0945945945946,81,0,52.0116279069767,79,-2,40.6,83,2,-1.20566920192552,52.7727272727273,79,-2,-2.9135355959547,0.5,3,-2,68,13
Georgia Southern,82,Sun Belt,8,87,87,87,87,87,87,87,87,80.17,90,58.5,80,1,5,89.3876923076923,90,0,61,0,70,16.83,56,984.555,87,7,9,6,7,0.538461538461538,14,1,7,2,3,0.333333333333333,9,6,8,4,5,0.6,22,28.2,57,330.3,107,74.5,124,255.8,7,0.0853769300635786,5,28.2,55,379.2,55,242.9,86,136.3,34,17,19,-48.9,95,30.5,88,44.74,78,30.43,105,51.59,66,74.41,1,22.2,74,27.4,49,0.7,19,3,40,54.1521739130435,noooo,53.3555555555556,83,1,52.6590909090909,84,2,54.175,84,2,50.7837837837838,82,0,51.8604651162791,83,1,39.12,73,-9,-1.58539484010162,53.9545454545455,85,3,-3.30811093886423,-5,-5,-5,84,-2
Southern Miss,83,CUSA,10,87.5,87.5,87.5,86,89,87.5,87.5,87.5,82,95,50,75,1,5,91.0769230769231,95,0.5,57,0.00548986486486486,64,22,84,1100,97,7,9,6,7,0.538461538461538,14,0,8,1,2,0,13,7,7,5,6,0.583333333333333,23,26.7,66,407,60,289.6,19,117.4,115,0.0656019656019656,89,26.2,45,352.5,37,236.7,76,115.8,18,17,19,54.5,39,38.5,54,40.18,91,34.5,99,47.64,73,57.81,29,23.6,71,27.7,50,-0.7,31,3,40,54.1739130434783,noooo,53.2666666666667,80,-3,52.6590909090909,81,-2,53.8375,82,-1,49.3648648648649,76,-7,51.8488372093023,80,-3,36.48,65,-18,-1.97852111349334,53.4318181818182,82,-1,-4.04694478180073,-4.5,-3,-6,85,-2
Colorado,84,Pac12,4,75.5,75.5,75.5,70,81,75.5,75.5,75.5,43.42,16,34.57,46,0,0,43.42,4,-8.3,93,-0.191156149239982,119,19.43,73,671.6951,69,5,11,7,8,0.416666666666667,17,0,8,4,5,0,13,5,9,3,4,0.625,20,23.5,77,388.5,79,238.2,57,150.3,76,0.0604890604890605,109,31.8,72,441.9,101,288.3,117,153.6,58,22,14,-53.4,100,41.3,34,46.91,70,57.49,44,38.13,96,45.6,83,30.1,44,34.7,83,0.5,20,3,40,54.2826086956522,noooo,55.1333333333333,86,2,53.3181818181818,83,-1,54.7375,83,-1,54.9864864864865,91,7,52.8023255813953,84,0,47.8,106,22,-0.08704325177282,52.9772727272727,76,-8,-1.1747372746994,8.5,14,3,57,27
Liberty,85,Independent,9,86,86,86,97,75,86,86,86,90.18,114,65.4,91,2,10,107.075384615385,125,4.8,45,0.0448282302906649,53,18,63,1177.2,103,8,8,5,6,0.615384615384615,12,0,8,1,2,0,13,8,6,4,5,0.666666666666667,18,32.9,28,439.4,32,288.9,21,150.5,75,0.0748748293126991,45,28.1,54,412.2,78,219.4,50,192.8,94,20,16,27.2,60,40.7,40,41.82,88,56.59,48,36.04,100,36.33,118,29.3,50,32,69,0.1,24,3,40,54.5434782608696,noooo,53.2222222222222,82,-3,53.1136363636364,86,1,54.9,86,1,46.5945945945946,70,-15,52.3488372093023,86,1,33.16,56,-29,-2.5076201829185,54.5681818181818,87,2,-4.84241080259284,-1,-12,10,113,-28
Fresno St,86,MWC,7,80.5,80.5,80.5,81,80,80.5,80.5,80.5,79.45,89,69.25,96,1,5,89.4958333333333,91,-0.1,62,-0.00111737045486289,71,7.5,16,519.375,58,4,12,8,9,0.333333333333333,19,0,8,3,4,0,13,4,10,5,6,0.444444444444444,30,30,48,386,81,226.8,66,159.3,65,0.077720207253886,31,30.1,64,419.8,85,259.2,101,160.6,68,21,15,-33.8,87,37.2,62,44.58,80,49,66,43.36,81,47.59,79,30.6,41,32.5,72,-1.1,35,3,40,54.7173913043478,noooo,53.9555555555556,87,1,53.5454545454545,88,2,55.0375,88,2,50.3378378378378,83,-3,52.9186046511628,88,2,40.28,79,-7,-1.55840078634566,55.4318181818182,91,5,-3.07356690837224,5.5,5,6,62,24
UAB,87,CUSA,10,85.5,85.5,85.5,104,67,85.5,85.5,85.5,93.08,120,55.2,76,1,5,100.717142857143,120,1.6,54,0.0158860741539247,61,24.4,94,1346.88,112,9,7,5,6,0.642857142857143,11,0,8,1,2,0,13,9,5,4,5,0.692307692307692,17,23.1,78,351.8,99,201.1,89,150.8,73,0.0656623081296191,87,21.5,27,301.9,8,183.6,8,118.2,20,28,8,49.9,45,31.3,86,38.89,93,27.41,112,55.06,56,49.88,71,18.3,89,20.2,24,0.5,20,2,20,54.8478260869565,noooo,53.4,77,-10,53.4545454545455,85,-2,55.6875,87,0,47.3378378378378,71,-16,52.7093023255814,85,-2,35,61,-26,-2.32998896336356,53.9772727272727,83,-4,-4.62404632335116,1.5,-17,20,78,9
West Virginia,88,Big 12,3,83,83,83,68,98,83,83,83,40.09,7,25.86,30,1,5,53.4158333333333,20,-8.2,92,-0.153512535296963,113,19.29,70,498.8394,54,5,11,7,8,0.416666666666667,17,0,8,4,5,0,13,5,9,3,4,0.625,20,20.6,88,321.9,112,248.7,51,73.3,122,0.0639950295122709,98,28.8,57,399.3,72,239.9,82,159.4,66,17,19,-77.4,109,34.6,76,48.64,66,36.67,94,57.34,51,58.29,27,22.9,73,29.1,57,-0.8,32,3,40,55.3260869565217,noooo,56.4,91,3,54.0681818181818,87,-1,54.975,85,-3,57.4594594594595,102,14,53.3953488372093,87,-1,50.16,111,23,-0.06648893355158,54.1590909090909,84,-4,-0.952218238815771,5,20,-10,20,68
Syracuse,89,ACC,5,73.5,73.5,73.5,70,77,73.5,73.5,73.5,63.36,63,58.86,81,1,5,74.7466666666667,66,-2.4,73,-0.032108455226543,88,23.14,89,1362.0204,114,5,11,7,8,0.416666666666667,17,0,8,1,2,0,13,5,9,6,7,0.454545454545455,29,28.3,56,394.6,68,240.6,56,154,68,0.0717181956411556,63,30.7,68,464.1,112,262.5,104,201.6,104,24,12,-69.5,106,37.7,60,44.73,79,36.34,95,52.24,63,60.11,23,24.5,67,29.6,59,2.1,5,3,40,56.1739130434783,noooo,56.0222222222222,88,-1,55.3863636363636,89,0,57.4375,90,1,55.3108108108108,90,1,54.9651162790698,89,0,47.52,103,14,-0.34951045378502,55.0454545454545,86,-3,-1.64713197291817,15.5,19,12,27,62
Boston College,90,ACC,5,80,80,80,68,92,80,80,80,58.08,58,43.86,69,1,5,68.9969230769231,60,-3.2,77,-0.0463788797716732,91,21.86,83,958.7796,83,6,10,7,8,0.461538461538462,16,0,8,3,4,0,13,6,8,4,5,0.6,22,29,54,429.2,46,176,107,253.1,8,0.0675675675675676,80,32.2,74,478.7,122,285.5,116,193.3,95,20,16,-49.5,96,41.9,31,51.01,63,63.63,29,40.95,91,40.53,101,31.3,39,35.4,87,-1.6,39,3,40,56.5,noooo,56.4666666666667,90,0,55.4318181818182,90,0,56.425,89,-1,55.2432432432432,94,4,54.8604651162791,90,0,45.76,98,8,-0.81456135839856,55.4318181818182,88,-2,-2.26871265859637,10,22,-2,55,35
CSU,91,MWC,7,91.5,91.5,91.5,105,78,91.5,91.5,91.5,78.82,86,68.63,94,1,5,88.9183333333333,88,-3.1,76,-0.0348634514816967,89,13.25,40,909.3475,80,4,12,8,9,0.333333333333333,19,0,8,2,3,0,13,4,10,6,7,0.4,33,28.1,58,437.2,34,305,14,132.2,98,0.0642726440988106,96,31.2,69,377.4,51,181.6,7,195.8,98,16,20,59.8,34,39.7,47,33.10,104,36.79,93,41.7,87,31.93,124,26.1,60,30.1,62,0.1,24,3,40,57.195652173913,noooo,56.5555555555556,92,1,55.6363636363636,91,0,57.7125,92,1,49.8783783783784,78,-13,54.8023255813953,91,0,36.04,64,-27,-2.27862754357442,57.1590909090909,93,2,-4.6550501652296,-0.5,-14,13,104,-13
Arkansas St,92,Sun Belt,8,83,83,83,90,76,83,83,83,89.92,113,66,92,1,5,98.3876923076923,115,-0.4,65,-0.0040655491618714,74,19.4,72,1280.4,106,8,8,5,6,0.615384615384615,12,0,8,1,2,0,13,8,6,4,5,0.666666666666667,18,33.7,24,439.3,33,312,10,127.2,106,0.0767129524243114,37,34.1,83,477.8,121,262.9,105,214.9,112,22,14,-38.5,90,39.8,46,43.25,84,44.9,79,42.35,84,55.8,41,30.1,44,34.2,81,1.3,13,3,40,57.3695652173913,noooo,56.1333333333333,89,-3,56.2045454545455,92,0,58.35,93,1,52.4864864864865,85,-7,55.5813953488372,92,0,41.64,85,-7,-1.6184130927508,56.8636363636364,92,0,-3.47536564784289,9,2,16,86,6
Arizona,93,Pac12,4,86,86,86,72,100,86,86,86,44.09,21,37.88,53,1,5,57.0825,33,-8.9,95,-0.155914684885911,114,19,69,719.72,74,4,12,8,9,0.333333333333333,19,0,8,3,4,0,13,4,10,5,6,0.444444444444444,30,26.9,64,440.1,30,266.1,35,174,50,0.061122472165417,107,35.8,86,471.4,117,289.8,120,181.6,84,17,19,-31.3,86,44.1,23,42.14,86,54.98,49,41.7,86,24.37,129,30.1,44,36.1,89,-2.1,43,3,40,57.695652173913,noooo,58.5111111111111,93,0,56.4090909090909,93,0,57.2,91,-2,56.4324324324324,98,5,55.7209302325581,93,0,45.64,97,4,-0.8409392368745,56.5909090909091,90,-3,-2.48072734875563,7,21,-7,60,33
Troy,94,Sun Belt,8,93,93,93,101,85,93,93,93,87.27,108,72.29,102,1,5,96.6641666666667,112,-0.8,67,-0.00827607610541652,77,21.29,78,1539.0541,119,5,11,7,8,0.416666666666667,17,0,8,1,2,0,13,5,9,6,7,0.454545454545455,29,34,22,456.3,18,313.2,9,143.1,85,0.0745123822046899,48,34.8,85,434.2,96,276.3,112,157.8,62,18,18,22.1,64,46.9,12,32.44,105,56.91,46,22.21,123,31.66,126,32.2,36,35.4,87,-1.3,37,3,40,59.8913043478261,noooo,58.8222222222222,94,0,58.3863636363636,95,1,60.225,95,1,52.2432432432432,84,-10,57.5813953488372,95,1,37,68,-26,-2.43965945769286,59.3181818181818,95,1,-5.09467488084781,1,-7,9,82,12
Miami (OH),95,MAC,11,100.5,100.5,100.5,99,102,100.5,100.5,100.5,73.38,74,40.83,62,1,5,82.4242857142857,77,-3.9,82,-0.0473161516196683,92,27.17,100,1109.3511,99,8,8,6,7,0.571428571428571,13,0,8,3,4,0,13,8,6,3,4,0.727272727272727,15,24.2,76,309.1,115,178.2,105,131,100,0.0782918149466192,30,28.1,54,382,59,209.2,38,172.7,78,21,15,-72.9,107,33.3,80,43.88,82,26.17,114,54.68,57,73.29,5,19.8,82,30,61,0.9,17,1,1,60,noooo,59.6888888888889,95,0,58.1590909090909,94,-1,59.6625,94,-1,57.8513513513514,101,6,57.1744186046512,94,-1,44.92,92,-3,-1.49275004920352,58.5909090909091,94,-1,-3.42183445072979,-5.5,-4,-7,95,0
San Jose St,96,MWC,7,101,101,101,103,99,101,101,101,82.82,98,75.71,106,1,5,92.585,97,-1.8,71,-0.0194415942107253,83,9,20,681.39,70,5,11,7,8,0.416666666666667,17,0,8,2,3,0,13,5,9,5,6,0.5,27,30.1,47,427.4,48,338,4,89.4,119,0.07042583060365,67,31.9,73,443.8,103,211.7,41,232.1,120,36,2,-16.4,79,40.9,38,37.06,97,54.83,50,30.62,109,36.65,117,29.6,47,36.7,90,-0.1,26,3,40,60.5217391304348,noooo,59.6888888888889,98,2,58.6818181818182,98,2,60.35,98,2,54.1891891891892,92,-4,57.6976744186047,98,2,39.16,74,-22,-2.4002249947346,61.2045454545455,101,5,-4.66857968285673,-5,-7,-3,121,-25
Kent St,97,MAC,11,100.5,100.5,100.5,96,105,100.5,100.5,100.5,78.83,87,57.17,78,1,5,88.1507692307692,87,-2.7,75,-0.0306293413382666,87,21,76,1200.57,104,7,9,6,7,0.538461538461538,14,0,8,2,3,0,13,7,7,4,5,0.636363636363636,19,29.2,53,405.6,63,218.9,74,186.7,38,0.0719921104536489,61,31.9,73,472.8,118,228.8,64,244,122,20,16,-67.2,103,43.9,24,38.16,95,52.69,57,23.74,119,71.68,6,25.9,62,37.9,93,1.8,8,3,40,60.6086956521739,noooo,60.0222222222222,97,0,58.7954545454545,96,-1,60.2125,96,-1,57.5540540540541,100,3,57.8255813953488,96,-1,43.6,90,-7,-1.72673320875798,59.9318181818182,96,-1,-3.75989130947421,-3.5,1,-8,125,-28
Charlotte,98,CUSA,10,104,104,104,113,95,104,104,104,84.83,102,57.17,78,1,5,93.6892307692308,102,-2.5,74,-0.02668396334855,86,23,88,1314.91,109,7,9,6,7,0.538461538461538,14,0,8,2,3,0,13,7,7,4,5,0.636363636363636,19,29.9,49,411.8,55,211.5,79,200.4,32,0.0726080621661,57,32.4,75,381,58,189,13,191.9,91,18,18,30.8,57,40.8,39,31.98,107,54.38,53,22.95,121,33.03,123,29.9,46,35.1,85,-1.1,35,4,40,60.9565217391304,noooo,60.0444444444444,96,-2,59,97,-1,60.725,97,-1,53.2162162162162,86,-12,57.953488372093,97,-1,36.6,66,-32,-2.76869193257968,60.0454545454545,97,-1,-5.58729265652924,-6,-15,3,108,-10
FIU,99,CUSA,10,99.5,99.5,99.5,102,97,99.5,99.5,99.5,89.58,112,76.43,109,1,5,98.0738461538462,114,-0.8,67,-0.00815711865470289,76,17.14,58,1310.0102,108,6,10,7,8,0.461538461538462,16,0,8,0,1,0,13,6,8,7,8,0.461538461538462,28,26.5,68,377.1,86,211.8,78,165.2,61,0.0702731370989128,68,27.3,51,391,65,195,16,196,99,26,10,-13.9,76,37.9,58,35.61,99,39.03,89,37.41,97,50.17,68,22,75,29.4,58,0.4,21,3,40,61.695652173913,noooo,60.5777777777778,99,0,59.9772727272727,99,0,61.9375,102,3,55.3378378378378,93,-6,59.0581395348837,99,0,40.24,78,-21,-2.3179465983586,61.6590909090909,100,1,-4.7259923472183,-0.5,-3,2,76,23
EMU,100,MAC,11,99.5,99.5,99.5,98,101,99.5,99.5,99.5,85.83,105,78.43,112,1,5,94.6123076923077,105,-1.4,70,-0.0147972291781847,79,13.86,46,1087.0398,94,6,10,7,8,0.461538461538462,16,0,8,0,1,0,13,6,8,7,8,0.461538461538462,28,29.2,53,405.5,64,283.1,28,122.3,110,0.0720098643649815,60,30.6,67,430.5,91,236.2,75,194.2,97,24,12,-25,84,39.3,49,38.78,94,50.17,63,31.65,107,52.79,56,29.3,50,37.8,92,-0.1,26,3,40,61.7608695652174,noooo,60.8,101,1,60.0454545454545,101,1,61.5375,100,0,56.8243243243243,99,-1,59.1279069767442,101,1,42.04,87,-13,-2.0938323959128,61.9318181818182,102,2,-4.28844041831151,0.5,2,-1,100,0
Maryland,101,Big 10,2,92.5,92.5,92.5,89,96,92.5,92.5,92.5,44.45,25,33.44,42,1,5,57.4125,34,-9.4,96,-0.163727411278032,116,30.67,102,1025.6048,89,3,13,9,10,0.25,20,0,8,4,5,0,13,3,11,5,6,0.375,34,25.3,74,343.4,103,174,108,169.4,53,0.0736750145602796,53,34.7,84,449.2,106,271.3,110,177.9,80,18,18,-105.8,119,32,84,39.71,92,30.52,104,46.38,74,67.39,12,26.3,58,30.3,63,-2.4,45,3,40,61.9782608695652,noooo,62.8,104,3,60.5909090909091,100,-1,62.3625,101,0,62.8783783783784,108,7,59.8488372093023,103,2,54.2,117,16,-0.28213593384724,60.2954545454545,98,-3,-1.55310669470173,8.5,12,5,42,59
Coastal Carolina,102,Sun Belt,8,113.5,113.5,113.5,114,113,113.5,113.5,113.5,92.64,118,81,114,1,5,101.586666666667,121,-0.2,63,-0.0019687623047644,72,12,29,972,85,5,11,7,8,0.416666666666667,17,0,8,1,2,0,13,5,9,6,7,0.454545454545455,29,30.3,46,393.8,70,198.3,92,195.5,34,0.0769426104621635,35,30.5,66,383.6,61,223.5,58,160.1,67,17,19,10.2,68,40.7,40,30.03,111,35.37,97,28.45,112,61.43,21,23.4,72,35.3,86,-0.9,33,4,40,62.0652173913043,noooo,60.8222222222222,102,0,59.7272727272727,102,0,60.7375,99,-3,55.1216216216216,97,-5,58.4767441860465,100,-2,35.88,63,-39,-3.0881452398717,62.7954545454545,106,4,-5.84224377664466,-11.5,-12,-11,112,-10
UNT,103,CUSA,10,101,101,101,109,93,101,101,101,92.91,119,84,116,1,5,101.834166666667,122,-1.9,72,-0.0186577851245079,82,14,47,1176,102,4,12,8,9,0.333333333333333,19,0,8,0,1,0,13,4,10,8,9,0.333333333333333,36,30.6,43,418.6,52,283.3,27,135.3,94,0.073100812231247,56,32.5,76,410.9,77,222.3,55,188.6,90,12,24,7.7,69,37,64,28.76,112,32.94,102,28.13,113,63.17,17,25,65,32.6,73,1.4,12,4,40,62.195652173913,noooo,60.9333333333333,100,-3,60.4318181818182,103,0,62.675,104,1,55.5675675675676,95,-8,59.4883720930233,102,-1,40.32,80,-23,-2.37643393876452,62.3181818181818,103,0,-4.80504174620954,2,-6,10,70,33
NC State,104,ACC,5,93,93,93,92,94,93,93,93,65,66,55.25,77,1,5,76.25,70,-8,90,-0.104918032786885,105,22.75,87,1256.9375,105,4,12,8,9,0.333333333333333,19,0,8,1,2,0,13,4,10,7,8,0.363636363636364,35,22.1,82,380.3,84,229.1,63,151.2,72,0.0581120168288194,120,30.1,64,398.9,70,255.5,97,143.4,47,14,22,-18.6,80,35.5,72,32.28,106,25.5,115,44.46,78,55.27,42,22,75,29.7,60,1.4,12,3,40,62.4130434782609,noooo,62.3333333333333,103,-1,61.0227272727273,104,0,63.3,103,-1,59.5675675675676,104,0,60.2790697674419,104,0,48.44,107,3,-1.11250389004688,61.2272727272727,99,-5,-2.9601905256405,11,12,10,30,74
ULM,105,Sun Belt,8,110,110,110,111,109,110,110,110,73.45,75,48.86,74,1,5,83.9958333333333,79,-7.1,88,-0.0845280023810705,99,21,76,1026.06,90,5,11,7,8,0.416666666666667,17,0,8,2,3,0,13,5,9,5,6,0.5,27,31.6,38,460.9,17,253.7,44,207.3,26,0.0685615100889564,76,38.7,95,483.5,125,230.8,68,252.7,123,22,14,-22.6,83,40,44,35.38,100,57.67,43,26.92,114,29.18,128,31.5,38,40.8,100,-1.4,38,4,40,63.695652173913,noooo,63.4444444444444,105,0,61.5909090909091,105,0,63.175,105,0,58.4324324324324,103,-2,60.4651162790698,105,0,42.56,89,-16,-2.27407172454186,62.8636363636364,104,-1,-4.76257522955699,-5,-6,-4,107,-2
USF,106,American,6,99,99,99,95,103,99,99,99,60.09,60,45.75,71,1,5,71.7491666666667,62,-8.1,91,-0.112893297250839,106,23.88,92,1092.51,96,4,12,8,9,0.333333333333333,19,0,8,5,6,0,13,4,10,3,4,0.571428571428571,24,20.8,87,330.8,106,169.6,110,161.3,64,0.0628778718258767,103,28.9,58,398.1,69,189.5,14,208.6,109,28,8,-67.3,104,39,51,34.53,103,26.83,113,51.44,67,37.46,112,20.4,81,27.4,49,-2.7,47,3,40,64.804347826087,noooo,64.9111111111111,107,1,63.25,106,0,64.9,106,0,61.1891891891892,106,0,62.4186046511628,107,1,48.64,108,2,-1.47056683579438,63.5909090909091,105,-1,-3.53294582003383,7,11,3,73,33
Georgia St,107,Sun Belt,8,109.5,109.5,109.5,112,107,109.5,109.5,109.5,85.33,103,80,113,1,5,94.1507692307692,104,-5,85,-0.0531063106637472,95,23.67,91,1893.6,125,7,9,6,7,0.538461538461538,14,0,8,1,2,0,13,7,7,5,6,0.583333333333333,23,31.2,40,439.8,31,198.3,92,241.6,12,0.0709413369713506,66,36.2,89,455.5,109,238,78,217.6,115,24,12,-15.7,77,45.4,18,37.57,96,60.91,36,23.61,120,35.85,119,29.4,49,38.4,95,-1.4,38,4,40,65.7826086956522,noooo,64.9555555555556,106,-1,63.7954545454545,107,0,65.4875,107,0,59.9594594594595,105,-2,62.7325581395349,106,-1,41.96,86,-21,-2.3965031556513,64.7727272727273,107,0,-5.25928655669051,-2.5,-5,0,124,-17
Kansas,108,Big 12,3,105,105,105,106,104,105,105,105,41.36,9,37.56,51,1,5,54.58,23,-12.6,99,-0.230853792598021,122,20.56,75,772.2336,78,3,13,9,10,0.25,20,0,8,4,5,0,13,3,11,5,6,0.375,34,23.5,77,375.4,87,231.3,62,144.2,82,0.0625998934469899,104,36.1,88,475.2,119,249.5,92,225.7,119,11,25,-99.8,117,39.5,48,34.92,101,46.56,77,33.02,105,41.99,95,26.2,59,34.8,84,-1.2,36,3,40,66.1304347826087,noooo,67.4,110,2,64.3636363636364,108,0,66.275,109,1,65.3513513513514,113,5,63.4186046511628,108,0,54.36,118,10,-0.76871630937858,65.1818181818182,108,0,-2.36609041861316,3,2,4,79,29
Arkansas,109,SEC,1,99.5,99.5,99.5,91,108,99.5,99.5,99.5,41.55,11,35,48,1,5,54.7541666666667,25,-15.4,105,-0.281257134160262,128,21.3,79,745.5,76,2,14,10,11,0.166666666666667,21,0,8,3,4,0,13,2,12,7,8,0.222222222222222,40,21.4,84,340.1,105,192.9,97,147.2,81,0.0629226698029991,100,36.8,92,450.7,107,229.2,65,221.5,117,17,19,-110.6,120,33.1,82,30.14,110,32.19,103,34.85,103,50.84,64,21.7,77,32.3,71,0,25,3,40,66.6739130434783,noooo,67.9111111111111,111,2,65.1818181818182,110,1,67.1375,110,1,66.472972972973,114,5,64.3837209302326,110,1,57.16,123,14,-0.45648840425132,65.5227272727273,109,0,-1.8496486907837,9.5,18,1,67,42
Northern Illinois,110,MAC,11,111,111,111,107,115,111,111,111,82.82,98,76.14,108,1,5,92.585,98,-5.4,86,-0.0583247826321758,96,18.86,67,1436.0004,116,5,11,7,8,0.416666666666667,17,0,8,1,2,0,13,5,9,6,7,0.454545454545455,29,22.8,79,358.7,98,217.6,75,141.1,87,0.0635628659046557,99,28.2,55,386.5,62,208.6,37,177.9,80,21,15,-27.8,85,32,84,34.72,102,29.17,108,44.38,79,56.55,33,20.7,78,34.2,81,-0.4,28,3,40,67,noooo,66.3111111111111,108,-2,65,109,-1,66.45,108,-2,63.1081081081081,109,-1,63.9302325581395,109,-1,46.32,101,-9,-2.04010964452826,66.5681818181818,111,1,-4.47319520063707,-1,3,-5,99,11
Middle Tennessee St,111,CUSA,10,104.5,104.5,104.5,99,110,104.5,104.5,104.5,79.18,88,70.63,98,1,5,89.2483333333333,89,-3.6,79,-0.0403368877103214,90,15.88,52,1121.6044,100,4,12,8,9,0.333333333333333,19,0,8,2,3,0,13,4,10,6,7,0.4,33,26.3,70,407.2,59,236.4,59,170.8,52,0.0645874263261297,93,29.9,63,459.3,111,265.3,107,194,96,19,17,-52.1,99,34.9,74,30.22,109,46.72,76,25.52,117,41.35,96,27.2,57,37.4,91,-1.1,35,3,40,67,YES,66.5333333333333,109,-2,65.2954545454545,111,0,66.8625,111,0,61.9864864864865,107,-4,64.3837209302326,111,0,47.6,104,-7,-1.98770094089862,67.0681818181818,112,1,-4.18147469804447,6.5,12,1,98,13
Vanderbilt,112,SEC,1,99.5,99.5,99.5,93,106,99.5,99.5,99.5,43.45,17,37.78,52,1,5,56.4958333333333,30,-15.3,104,-0.270816431890258,127,26,99,982.28,86,3,13,9,10,0.25,20,0,8,3,4,0,13,3,11,6,7,0.333333333333333,36,16.5,96,296.7,117,172,109,124.7,107,0.0556117290192113,125,31.8,72,436.6,98,227.8,62,208.8,110,14,22,-139.9,124,28.6,92,28.51,114,30.39,106,28.94,110,66.83,15,21.8,76,33.6,79,1.4,12,3,40,67.9347826086957,noooo,69.0666666666667,113,1,66.5,112,0,68.7875,112,0,68.6351351351351,116,4,65.7325581395349,112,0,60.16,125,13,-0.19041062042836,66.4090909090909,110,-2,-1.46464677292033,12.5,19,6,49,63
Toledo,113,MAC,11,111,111,111,108,114,111,111,111,85.91,106,86.67,118,1,5,95.4175,106,-4.9,84,-0.0513532632902769,94,21.5,80,1863.405,124,6,10,6,7,0.5,15,0,8,0,1,0,13,6,8,6,7,0.5,27,27.3,62,434.1,36,209.6,80,224.5,18,0.0628887353144437,102,32.2,74,475.7,120,257.3,100,218.4,116,11,25,-41.6,93,38,57,31.46,108,44.53,80,25.96,116,51.06,63,25.6,63,38.4,95,-0.8,32,3,40,69.3913043478261,noooo,68.5777777777778,112,-1,67.5,113,0,69.15,113,0,64.4054054054054,111,-2,66.4883720930233,113,0,47.52,102,-11,-2.1669932925848,68.8181818181818,113,0,-4.75419904862777,2,5,-1,69,44
ECU,114,American,6,115.5,115.5,115.5,115,116,115.5,115.5,115.5,74.9,77,62.38,87,2,10,95.75,107,-6.9,87,-0.0720626631853786,98,18,63,1122.84,101,4,12,8,9,0.333333333333333,19,0,8,3,4,0,13,4,10,5,6,0.444444444444444,30,26.8,65,430.2,45,288.8,22,141.3,86,0.0622966062296606,105,33.7,80,469.3,116,261.6,102,207.8,108,23,13,-39.1,92,39.3,49,25.22,118,39.02,90,22.28,122,44.22,88,24,69,38.1,94,0.2,23,4,40,69.5217391304348,noooo,69.3555555555556,114,0,67.4318181818182,114,0,69.3625,114,0,63.7702702702703,110,-4,66.3139534883721,114,0,47.76,105,-9,-2.27491963123156,69.2727272727273,115,1,-4.76933559204287,-1.5,-1,-2,119,-5
Rice,115,CUSA,10,120,120,120,119,121,120,120,120,81.83,94,71.78,99,0,0,81.83,76,-8,90,-0.0977636563607479,104,13.22,39,948.9316,82,3,13,9,10,0.25,20,0,8,2,3,0,13,3,11,7,8,0.3,37,17.9,94,294.2,118,166,112,128.2,105,0.0608429639700884,108,25.9,42,379.1,54,241.9,85,137.2,36,12,24,-84.9,113,37.7,60,28.36,115,23.25,119,37.38,98,63,19,15.1,98,33.2,77,0.1,24,4,40,69.9565217391304,noooo,69.4222222222222,115,0,67.6818181818182,115,0,69.2,115,0,66.1621621621622,115,0,66.4651162790698,115,0,49.72,110,-5,-2.17025797007592,70.2045454545455,117,2,-4.40568398201356,-5,-4,-6,129,-14
Nevada,116,MWC,7,114.5,114.5,114.5,117,112,114.5,114.5,114.5,81.5,93,70,97,1,5,90.6153846153846,93,-10.6,97,-0.1169779286927,107,31.33,103,2193.1,127,7,9,6,7,0.538461538461538,14,0,8,1,2,0,13,7,7,5,6,0.583333333333333,23,21.3,85,365.3,95,249.7,48,115.6,116,0.0583082398029017,119,31.9,73,400.1,73,250.9,93,149.2,54,21,15,-34.8,89,36.4,68,28.53,113,25.17,116,43.28,83,44.55,85,19.4,84,31.9,68,0.3,22,4,40,71.1521739130435,noooo,70.6666666666667,116,0,69.1818181818182,116,0,71.6375,116,0,66.2567567567568,112,-4,68.1279069767442,116,0,50.48,112,-4,-1.97804419664632,69.8409090909091,114,-2,-4.55337995977279,1.5,-1,4,97,19
Georgia Tech,117,ACC,5,110.5,110.5,110.5,110,111,110.5,110.5,110.5,51,40,59.44,82,1,5,63.4166666666667,49,-15.7,106,-0.247568988173456,123,22.44,85,1333.8336,111,3,13,9,10,0.25,20,0,8,3,4,0,13,3,11,6,7,0.333333333333333,36,16.7,95,286.3,120,133.9,118,152.4,69,0.0583304226336011,118,32.4,75,422.9,86,207.7,34,215.3,113,19,17,-136.6,123,29.7,90,28.28,116,28.7,110,34.87,102,49.78,72,18.8,88,28.9,55,-1.9,41,4,40,71.6086956521739,noooo,72.3111111111111,117,0,69.8409090909091,117,0,72.0875,117,0,69.7162162162162,118,1,68.8953488372093,117,0,56.64,121,4,-1.03847860108476,70.5227272727273,116,-1,-3.0352938624349,6.5,7,6,47,70
Rutgers,118,Big 10,2,117.5,117.5,117.5,118,117,117.5,117.5,117.5,48,36,34.6,47,0,0,48,11,-23.4,111,-0.4875,130,31.8,104,1100.28,98,2,14,10,11,0.166666666666667,21,0,8,5,6,0,13,2,12,5,6,0.285714285714286,38,13.3,99,273.1,122,139.3,115,133.8,96,0.0487001098498718,129,36.7,91,433.6,95,232.5,70,201.1,102,9,27,-160.5,126,34.3,78,18.35,121,17.75,123,26.82,115,57.21,31,17.4,92,31.8,67,-0.3,27,4,40,73.3478260869565,noooo,74.1777777777778,120,2,71.3409090909091,118,0,73.7875,119,1,72.9594594594595,124,6,70.2674418604651,118,0,61.36,128,10,-0.8412084492342,71.7954545454545,118,0,-2.53517712494707,0.5,0,1,92,26
Texas St,119,Sun Belt,8,119,119,119,120,118,119,119,119,77.27,83,68.67,95,1,5,87.4975,85,-14.2,102,-0.16229035115289,115,21.78,82,1495.6326,118,3,13,9,10,0.25,20,0,8,1,2,0,13,3,11,8,9,0.272727272727273,39,18.4,93,317.8,114,241.1,55,76.8,121,0.0578980490874764,121,32.6,77,416,81,199.3,24,216.8,114,16,20,-98.2,116,33.7,79,21.91,119,15.02,126,37.25,99,57,32,17.6,91,33,75,-0.9,33,4,40,73.9130434782609,noooo,73.7111111111111,118,-1,71.8636363636364,119,0,73.9,118,-1,70.5135135135135,120,1,70.7674418604651,119,0,54.76,120,1,-1.76190290851568,73.0909090909091,119,0,-4.11209891545587,0,-1,1,117,2
UNLV,120,MWC,7,118,118,118,116,120,118,118,118,82.18,96,73.75,105,1,5,91.9983333333333,96,-8.8,94,-0.0956539067736735,103,21.13,77,1558.3375,120,4,12,8,9,0.333333333333333,19,0,8,1,2,0,13,4,10,7,8,0.363636363636364,35,24.2,76,374.3,88,206.2,83,168.2,56,0.0646540208388993,92,33,78,442.3,102,256.2,98,186.2,87,17,19,-68,105,28.4,93,27.31,117,29.99,107,36.03,101,38,111,19.3,85,36.1,89,-0.6,30,4,40,74.3478260869565,noooo,73.8666666666667,119,-1,72.3636363636364,121,1,74.275,120,0,68.9459459459459,117,-3,71.3023255813953,121,1,52.36,113,-7,-2.19711117542764,73.8409090909091,121,1,-4.78289985144887,2,4,0,110,10
UNM,121,MWC,7,120,120,120,121,119,120,120,120,77.18,82,72.4,103,1,5,87.415,84,-14.9,103,-0.170451295544243,117,19,69,1375.6,115,2,14,10,11,0.166666666666667,21,0,8,3,4,0,13,2,12,7,8,0.222222222222222,40,22.3,81,400.3,66,195,95,205.3,27,0.0557082188358731,123,37.2,93,485.7,126,321.4,124,164.3,72,17,19,-85.4,114,36.7,66,15.81,123,23.54,118,17.75,127,53.88,51,20.6,79,39.2,96,1.6,10,4,40,74.4782608695652,noooo,74.3111111111111,121,0,72.4090909090909,120,-1,74.875,121,0,70.0810810810811,119,-2,71.3023255813953,120,-1,54.16,116,-5,-1.88253913302952,73.9545454545455,120,-1,-4.32209599281893,1,0,2,115,6
South Alabama,122,Sun Belt,8,122,122,122,122,122,122,122,122,77.91,84,76.6,110,1,5,88.0841666666667,86,-12.3,98,-0.139639170868771,108,17.4,60,1332.84,110,2,14,10,11,0.166666666666667,21,0,8,2,3,0,13,2,12,8,9,0.2,41,18.4,93,330.3,107,158.8,113,171.4,51,0.0557069330911293,124,30.7,68,408.8,76,216.6,46,192.2,92,22,14,-78.5,110,30.2,89,21.24,120,16.63,125,38.98,95,40.68,100,16.3,95,34,80,-2.6,46,4,40,75.2391304347826,noooo,75.0444444444444,122,0,73.1136363636364,122,0,74.7,122,0,70.2432432432432,121,-1,71.9767441860465,122,0,52.72,114,-8,-2.2235167873085,75.0681818181818,122,0,-4.82966614113227,0,0,0,127,-5
Old Dominion,123,CUSA,10,124.5,124.5,124.5,124,125,124.5,124.5,124.5,86.64,107,86.64,117,1,5,96.0866666666667,109,-13.5,100,-0.140498161382086,109,15.09,50,1307.3976,107,1,15,11,12,0.0833333333333333,22,0,8,1,2,0,13,1,13,10,11,0.0909090909090909,43,16.3,97,273.8,121,176.4,106,97.3,118,0.0595325054784514,115,29.8,62,371.1,46,223.5,58,147.6,52,23,13,-97.3,115,31,87,14.29,125,9.79,129,31.32,108,55.86,38,10.6,100,34.3,82,-0.7,31,4,40,75.9130434782609,noooo,75.2222222222222,123,0,73.7045454545455,123,0,75.4875,123,0,70.7432432432432,122,-1,72.5232558139535,123,0,52.96,115,-8,-2.37689013146802,75.9545454545455,124,1,-4.97085602275949,-1.5,-1,-2,109,14
UTSA,124,CUSA,10,123.5,123.5,123.5,123,124,123.5,123.5,123.5,83.27,99,68.13,93,1,5,92.9975,99,-13.6,101,-0.146240490335762,111,25.75,98,1754.3475,121,4,12,8,9,0.333333333333333,19,0,8,1,2,0,13,4,10,7,8,0.363636363636364,35,20.3,89,344.9,101,182.4,100,162.5,62,0.0588576398956219,117,33.9,81,429.1,89,230.8,68,198.3,100,20,16,-84.2,112,35.9,69,17.19,122,20.92,120,24.78,118,44.23,87,18.9,87,41.7,101,-0.9,33,4,40,77.2391304347826,noooo,76.7555555555556,124,0,75.1363636363636,124,0,76.8625,124,0,71.6621621621622,123,-1,74.0116279069767,124,0,54.56,119,-5,-2.35348858257098,76.2272727272727,123,-1,-5.06549015073534,0.5,1,0,122,2
New Mexico St,125,Independent,9,124,124,124,125,123,124,124,124,77.09,80,72,100,1,5,87.3325,83,-19.3,108,-0.220994475138122,121,25.4,97,1828.8,123,2,14,10,11,0.166666666666667,21,0,8,1,2,0,13,2,12,9,10,0.181818181818182,42,21.7,83,361.1,96,217.6,75,143.5,84,0.0600941567432844,112,41,97,479.9,123,220.8,53,259.2,124,14,22,-118.8,121,32,84,14.46,124,19.69,121,20.63,126,43.38,89,19,86,40.3,99,-0.6,30,4,40,79.1304347826087,noooo,79.1111111111111,125,0,77.0909090909091,125,0,79.225,125,0,74.5675675675676,125,0,76,125,0,58.28,124,-1,-1.93151722869114,78.0681818181818,125,0,-4.51003912721304,1,0,2,126,-1
UConn,126,American,6,126,126,126,126,126,126,126,126,69,71,62.9,88,1,5,79.9166666666667,75,-21.6,109,-0.270281543274244,126,28.3,101,1780.07,122,2,14,10,11,0.166666666666667,21,0,8,3,4,0,13,2,12,7,8,0.222222222222222,40,18.9,92,344.7,102,216,76,128.7,103,0.0548302872062663,127,40.5,96,466.8,113,243.3,87,223.6,118,13,23,-122.1,122,28.7,91,10.01,127,17.42,124,12.62,128,50.06,70,16.2,96,39.7,98,-1,34,4,40,80.6304347826087,noooo,80.8444444444444,126,0,78.5681818181818,126,0,80.575,126,0,77.1891891891892,127,1,77.4651162790698,126,0,61.44,129,3,-1.70204843643166,79.5227272727273,126,0,-4.11548349637834,0,0,0,128,-2
Bowling Green,127,MAC,11,127.5,127.5,127.5,127,128,127.5,127.5,127.5,80.55,91,72.11,101,1,5,90.5041666666667,92,-22.6,110,-0.249712260024861,124,39.56,106,2852.6716,129,3,13,9,10,0.25,20,0,8,1,2,0,13,3,11,8,9,0.272727272727273,39,16,98,319.1,113,157.3,114,161.8,63,0.0501410216233156,128,38.6,94,467.2,114,224.3,60,242.8,121,20,16,-148.1,125,33.2,81,10.78,126,10.76,127,22.15,124,54.18,45,14.9,99,39.5,97,-2.9,48,4,40,81.4565217391304,noooo,81.2444444444444,127,0,79.3636363636364,127,0,80.9125,127,0,77.7432432432432,128,1,78.2441860465116,127,0,60.52,126,-1,-1.95491971956328,80.25,127,0,-4.55966315372531,-0.5,0,-1,123,4
UTEP,128,CUSA,10,127.5,127.5,127.5,128,127,127.5,127.5,127.5,102.45,125,102.45,123,1,5,110.579166666667,127,-16.3,107,-0.147405704811786,112,18.91,68,1937.3295,126,1,15,11,12,0.0833333333333333,22,0,8,0,1,0,13,1,13,11,12,0.0833333333333333,44,19.6,91,329.2,110,191,98,138.2,91,0.0595382746051033,114,35.9,87,430.8,92,229.6,66,201.3,103,10,26,-101.6,118,35,73,7.66,128,18.02,122,9.64,129,37.13,115,18,90,43.5,102,-0.1,26,4,40,82.2608695652174,noooo,81.3111111111111,128,0,80.2045454545455,128,0,82.5375,128,0,74.9324324324324,126,-2,79.1046511627907,128,0,57.16,122,-6,-2.64282153304146,82.0227272727273,128,0,-5.50758850327354,0.5,0,1,130,-2
Akron,129,MAC,11,129,129,129,129,129,129,129,129,97.75,122,97.75,122,0,0,97.75,113,-25.8,112,-0.263938618925831,125,25.75,98,2517.0625,128,0,16,12,13,0,23,0,8,0,1,0,13,0,14,12,13,0,45,10.5,100,242.2,123,195.3,94,46.8,124,0.0433526011560694,130,36.3,90,413.9,80,200.4,28,213.5,111,17,19,-171.7,127,25.8,95,4.51,129,2.45,130,21.6,125,38.91,108,7.7,101,35.3,86,-2.2,44,4,40,84.6304347826087,noooo,83.8,129,0,82.6136363636364,129,0,84.825,129,0,78.2972972972973,129,0,81.5348837209302,129,0,60.68,127,-2,-2.41627130623592,83.7045454545455,129,0,-5.27966866312164,0,0,0,118,11
UMass,130,Independent,9,130,130,130,130,130,130,130,130,99.73,124,106.18,124,1,5,108.085833333333,126,-32.9,113,-0.304387716552432,129,36.64,105,3890.4352,130,1,15,11,12,0.0833333333333333,22,0,8,0,1,0,13,1,13,11,12,0.0833333333333333,44,19.8,90,293.1,119,168.5,111,124.6,108,0.067553735926305,81,52.7,98,559.5,127,262.1,103,297.4,125,20,16,-266.4,128,34.4,77,2.14,130,10.21,128,2.14,130,51.5,62,15.3,97,49.3,103,-0.5,29,4,40,85.804347826087,noooo,84.9555555555556,130,0,83.7954545454545,130,0,86.225,130,0,80.4864864864865,130,0,82.7209302325581,130,0,63.44,130,0,-2.16766246207606,84.75,130,0,-4.8938582803649,0,0,0,116,14